player_name,fd_position,true_position,projected_min,salary,team,opponent,location,implied_total,fp_pg,fp_per_min,usg_pct,usg_boost,fppm_adj,ref_weight,dvp_weight,line_weight,games_pct,gp_weight,low_gp_flag,min_sd,omega,omega_weight,proj_fp,fp_sd,ceiling,floor,fp_range,upside_ratio,hist_max_fp,hist_min_fp
Shai Gilgeous-Alexander,PG,PG,33.16,11300,OKC,MIN,away,117.5,50.88,1.5188,33.4,0.0,1.5188,0.9995091324200912,1.0420026047094142,0.99399202389379,95.8,1.0,False,4.44,0.876,1.0376,54.1,10.39,69.7,43.7,26.0,0.288,79.1,29.4
Cade Cunningham,PG,PG,37.84,10300,DET,PHO,away,109.0,49.94,1.4107,30.5,1.22,1.4501996,1.002945205479452,0.9836723215662684,0.9691102848002658,81.2,1.0,False,4.99,0.764,1.0264,53.85,13.8,74.6,40.0,34.599999999999994,0.385,95.9,22.0
Jalen Smith,C/PF,C,37.41,5600,CHI,MIA,home,118.0,23.25,1.151,19.3,1.4095505617977528,1.2098432584269665,0.9560958904109588,1.0952919991858685,1.0328545891635332,83.3,1.0,False,7.0,0.631,1.0131,49.6,9.76,64.2,39.8,24.40000000000001,0.294,49.6,1.6
Jalen Duren,C,C,34.39,7100,DET,PHO,away,109.0,36.37,1.2897,22.4,0.8959999999999999,1.3258116000000002,1.002945205479452,1.0709277039635257,0.9691102848002658,79.2,1.0,False,5.32,0.73,1.023,48.55,11.24,65.4,37.3,28.10000000000001,0.347,54.9,11.8
Bam Adebayo,C/PF,C,31.8,8400,MIA,CHI,away,120.5,37.59,1.2048,23.5,0.8222462203023757,1.2343084924406047,0.97513698630137,1.1258973946622106,1.0810514458876186,83.3,1.0,False,5.44,0.742,1.0242,47.71,11.1,64.4,36.6,27.800000000000004,0.35,59.3,3.2
Jamal Murray,PG/SG,PG,34.64,9800,DEN,BKN,away,108.0,44.08,1.2417,28.8,0.0,1.2417,1.036678082191781,0.9951943528044208,0.92844253003854,87.5,1.0,False,4.37,0.84,1.034,42.6,10.27,58.0,32.3,25.700000000000003,0.362,67.2,22.2
Mark Williams,C,C,35.3,5900,PHO,DET,home,105.5,28.84,1.2017,17.3,0.0,1.2017,1.0380593607305937,1.0152378863124565,0.915197211074628,87.5,1.0,False,4.6,0.823,1.0323,42.24,10.99,58.7,31.2,27.500000000000004,0.39,55.2,9.2
Alperen Sengun,C/PF,C,27.55,9600,HOU,ATL,away,114.0,45.7,1.3363,27.1,0.0,1.3363,1.002945205479452,1.080529396661986,1.008724415960306,79.2,1.0,False,7.16,0.599,1.0099,40.64,13.95,61.6,26.7,34.900000000000006,0.516,79.6,1.2
Amen Thompson,SG/PG,PG,35.97,8700,HOU,ATL,away,114.0,39.14,1.0465,20.6,0.0,1.0465,1.002945205479452,1.0253196636458397,1.008724415960306,93.8,1.0,False,4.07,0.893,1.0393,40.58,8.15,52.8,32.4,20.4,0.301,54.5,14.3
Cooper Flagg,PG/SG/SF,PF,35.34,8600,DAL,CHA,home,111.5,36.43,1.0778,23.9,1.1067189434585225,1.112736199752373,1.0084817351598174,1.004315960867958,0.9727687852687852,89.6,1.0,False,4.95,0.809,1.0309,39.94,13.55,60.3,26.4,33.9,0.51,66.5,10.4
Collin Gillespie,PG/SG,PG,39.72,6500,PHO,DET,home,105.5,28.77,1.0166,19.1,0.0,1.0166,1.0380593607305937,0.992553887312344,0.915197211074628,95.8,1.0,False,5.23,0.82,1.032,39.29,9.49,53.5,29.8,23.7,0.362,47.1,8.9
Julius Randle,PF,PF,31.62,8400,MIN,OKC,home,111.0,40.08,1.2,26.7,0.7500360144057623,1.2235966386554622,0.996917808219178,0.9674694651376168,0.9810310525978015,100.0,1.0,False,4.24,0.9,1.04,38.07,8.03,50.1,30.0,20.1,0.316,59.4,26.4
Andrew Wiggins,SF/PF,SF,32.78,6100,MIA,CHI,away,120.5,31.05,0.992,20.1,0.7032829373650109,1.0162965010799134,0.97513698630137,1.006716384042573,1.0810514458876186,91.7,1.0,False,3.89,0.895,1.0395,36.75,8.65,49.7,28.1,21.6,0.352,52.2,15.6
Daniel Gafford,C,C,32.34,4400,DAL,CHA,home,111.5,21.56,1.0466,14.6,0.67607098638052,1.0805248716467188,1.0084817351598174,1.0447630913602215,0.9727687852687852,64.6,1.0,False,5.52,0.643,1.0143,36.33,9.87,51.1,26.5,24.6,0.407,42.2,1.2
Dyson Daniels,SG/PG,SF,33.76,7300,ATL,HOU,home,108.5,34.47,1.0079,16.2,1.56454054054054,1.076037672072072,1.0380593607305937,0.963508766899502,0.9265640432175744,97.9,1.0,False,4.06,0.9,1.04,35.01,11.02,51.5,24.0,27.5,0.471,56.2,11.9
Matas Buzelis,PF/SF,PF,30.42,6200,CHI,MIA,home,118.0,28.86,1.0344,21.4,1.5629213483146065,1.0872822471910113,0.9560958904109588,1.0427227316617989,1.0328545891635332,97.9,1.0,False,5.97,0.777,1.0277,35.0,10.16,50.2,24.8,25.4,0.434,49.3,5.8
Moussa Diabate,C,C,28.16,5200,CHA,DAL,away,115.0,25.1,1.0203,12.4,0.0,1.0203,0.9924543378995434,1.1424603145670544,1.0527692408291376,91.7,1.0,False,,0.673,1.0173,34.89,15.0,57.4,19.9,37.5,0.645,,
Anthony Edwards,SG/SF,SG,28.45,9700,MIN,OKC,home,111.0,44.79,1.2724,31.5,0.884873949579832,1.2974203025210085,0.996917808219178,0.9539070742010416,0.9810310525978015,79.2,1.0,False,6.75,0.628,1.0128,34.88,12.23,53.2,22.7,30.500000000000004,0.525,66.4,6.2
Ausar Thompson,SF/SG,SG,32.45,6200,DET,PHO,away,109.0,28.08,1.0926,18.5,0.7399999999999999,1.1231928,1.002945205479452,0.9489862066930808,0.9691102848002658,85.4,1.0,False,5.92,0.718,1.0218,34.35,8.82,47.6,25.5,22.1,0.386,46.9,8.6
Dru Smith,SG,PG,27.62,4100,MIA,CHI,away,120.5,17.7,1.0351,16.0,0.5598272138228941,1.0604521252699783,0.97513698630137,1.0350413775030307,1.0810514458876186,97.9,1.0,False,4.38,0.891,1.0391,33.21,8.47,45.9,24.7,21.2,0.382,43.5,2.2
Kevin Durant,SF/PF,SF,27.22,9000,HOU,ATL,away,114.0,41.63,1.1312,27.0,0.0,1.1312,1.002945205479452,1.0221991135188402,1.008724415960306,89.6,1.0,False,4.89,0.813,1.0313,32.84,9.18,46.6,23.7,22.9,0.419,58.3,16.7
Chet Holmgren,C/PF,C,23.69,8500,OKC,MIN,away,117.5,36.54,1.2471,22.5,0.0,1.2471,0.9995091324200912,1.0648066248682573,0.99399202389379,87.5,1.0,False,4.3,0.845,1.0345,32.33,10.03,47.4,22.3,25.1,0.466,55.3,15.1
Coby White,SG/PG,SG,32.14,6700,CHI,MIA,home,118.0,29.45,1.019,27.4,2.001123595505617,1.0710949438202246,0.9560958904109588,0.9831922369313454,1.0328545891635332,54.2,0.95,True,4.95,0.632,1.0132,32.17,9.8,46.9,22.4,24.5,0.458,43.8,3.0
LaMelo Ball,PG,PG,21.22,7900,CHA,DAL,away,115.0,37.26,1.3699,32.2,0.0,1.3699,0.9924543378995434,1.0278401079791857,1.0527692408291376,79.2,1.0,False,5.07,0.748,1.0248,31.99,12.42,50.6,19.6,31.0,0.582,78.1,17.4
Norman Powell,SF/SG,SG,27.22,7000,MIA,CHI,away,120.5,33.34,1.086,27.3,0.9552051835853131,1.1125987904967602,0.97513698630137,0.955707391582003,1.0810514458876186,87.5,1.0,False,3.54,0.899,1.0399,31.73,8.66,44.7,23.1,21.6,0.409,49.9,10.1
Brandon Miller,SF/SG,SF,27.22,7700,CHA,DAL,away,115.0,34.13,1.1377,29.0,0.0,1.1377,0.9924543378995434,0.9589479628677332,1.0527692408291376,64.6,1.0,False,6.16,0.597,1.0097,31.33,11.12,48.0,20.2,27.8,0.532,55.0,3.5
Danny Wolf,PF/SF,PF,34.02,4600,BKN,DEN,home,101.5,17.46,0.9141,19.6,0.0,0.9141,1.0322716894977169,1.0349213563442998,0.9370512976997591,64.6,1.0,False,7.74,0.484,0.9984,31.08,9.71,45.6,21.4,24.200000000000003,0.467,34.4,0.0
Kel'el Ware,C/PF,C,20.68,4500,MIA,CHI,away,120.5,28.47,1.2167,17.4,0.6088120950323973,1.2464999524838014,0.97513698630137,1.1258973946622106,1.0810514458876186,91.7,1.0,False,7.24,0.656,1.0156,31.07,12.42,49.7,18.6,31.1,0.6,52.8,4.6
Collin Sexton,SG/PG,PG,27.62,4900,CHA,DAL,away,115.0,23.45,1.0285,25.9,0.0,1.0285,0.9924543378995434,1.0278401079791857,1.0527692408291376,81.2,1.0,False,6.19,0.678,1.0178,31.05,7.12,41.7,23.9,17.800000000000004,0.343,39.0,10.2
Max Christie,SF/SG,SG,39.94,5500,DAL,CHA,home,111.5,22.0,0.7483,16.2,0.750160957490714,0.7725556673545191,1.0084817351598174,0.9799516656456152,0.9727687852687852,89.6,1.0,False,5.26,0.787,1.0287,30.51,9.56,44.8,21.0,23.8,0.468,40.4,1.5
Donte DiVincenzo,SG/PG,SG,33.13,6400,MIN,OKC,home,111.0,29.32,0.922,17.2,0.4831692677070828,0.9401300840336134,0.996917808219178,0.9539070742010416,0.9810310525978015,100.0,1.0,False,4.43,0.898,1.0398,30.21,8.27,42.6,21.9,20.700000000000003,0.41,51.2,12.8
Caleb Martin,SF,SG,39.07,3900,DAL,CHA,home,111.5,9.77,0.7754,11.6,0.5371522905489063,0.8005340965744944,1.0084817351598174,0.9799516656456152,0.9727687852687852,83.3,1.0,False,8.27,0.54,1.004,30.19,10.14,45.4,20.0,25.4,0.504,37.0,0.0
Brandon Williams,PG,PG,27.74,5600,DAL,CHA,home,111.5,23.25,1.0473,25.5,1.1808089145687164,1.0812475617003714,1.0084817351598174,1.0089967860584572,0.9727687852687852,85.4,1.0,False,6.91,0.648,1.0148,30.13,10.11,45.3,20.0,25.3,0.503,41.5,4.1
Jabari Smith,PF/C,PF,33.18,6000,HOU,ATL,away,114.0,29.63,0.8466,17.9,0.0,0.8466,1.002945205479452,1.0369617160427227,1.008724415960306,91.7,1.0,False,,0.673,1.0173,29.98,15.0,52.5,15.0,37.5,0.751,,
Cason Wallace,SG/PG,SG,38.89,4000,OKC,MIN,away,117.5,20.05,0.7595,12.9,0.0,0.7595,0.9995091324200912,0.9531869472486572,0.99399202389379,93.8,1.0,False,5.31,0.804,1.0304,28.82,8.55,41.6,20.3,21.3,0.443,40.5,3.0
Kasparas Jakucionis,PG,PG,40.0,4100,MIA,CHI,away,120.5,10.76,0.7079,13.0,0.4548596112311014,0.7252381987041038,0.97513698630137,1.0350413775030307,1.0810514458876186,45.8,0.9,True,,0.443,0.9943,28.33,15.0,50.8,13.3,37.5,0.793,,
Nikola Vucevic,C,C,20.68,7400,CHI,MIA,home,118.0,36.42,1.1786,21.6,1.5775280898876405,1.2388542696629214,0.9560958904109588,1.0952919991858685,1.0328545891635332,95.8,1.0,False,,0.693,1.0193,28.25,15.0,50.8,13.2,37.6,0.798,,
Jonas Valanciunas,C,C,20.86,6500,DEN,BKN,away,108.0,18.17,1.2979,25.7,0.0,1.2979,1.036678082191781,1.0626462440111035,0.92844253003854,72.9,1.0,False,,0.579,1.0079,27.91,15.0,50.4,12.9,37.5,0.806,,
Rudy Gobert,C,C,25.47,6800,MIN,OKC,home,111.0,32.69,1.0411,12.5,0.351140456182473,1.061572050420168,0.996917808219178,1.0209989019315326,0.9810310525978015,95.8,1.0,False,4.98,0.838,1.0338,27.91,10.78,44.1,17.1,27.0,0.58,52.2,10.0
Kon Knueppel,SF/SG,SF,27.74,6800,CHA,DAL,away,115.0,30.98,0.9742,22.1,0.0,0.9742,0.9924543378995434,0.9589479628677332,1.0527692408291376,97.9,1.0,False,5.57,0.806,1.0306,27.91,10.58,43.8,17.3,26.5,0.569,50.5,6.1
Miles Bridges,PF/SF,PF,25.3,6700,CHA,DAL,away,115.0,32.77,1.0114,23.0,0.0,1.0114,0.9924543378995434,1.01103714575688,1.0527692408291376,97.9,1.0,False,6.05,0.772,1.0272,27.77,11.58,45.1,16.2,28.9,0.624,55.1,6.6
Ayo Dosunmu,SG,SG,27.74,5200,CHI,MIA,home,118.0,24.74,0.9515,20.7,1.5117977528089883,1.0001441011235954,0.9560958904109588,0.9831922369313454,1.0328545891635332,85.4,1.0,False,5.28,0.764,1.0264,27.65,8.78,40.8,18.9,21.9,0.476,45.8,9.4
Josh Okogie,SG/SF,SG,40.0,3800,HOU,ATL,away,114.0,13.16,0.6613,11.6,0.0,0.6613,1.002945205479452,1.0044359820266886,1.008724415960306,93.8,1.0,False,7.83,0.624,1.0124,27.21,7.74,38.8,19.5,19.3,0.426,27.6,-1.0
Tobias Harris,PF/SF,PF,30.22,5500,DET,PHO,away,109.0,25.07,0.9116,19.5,0.7799999999999999,0.9371248,1.002945205479452,0.9815119407091148,0.9691102848002658,62.5,1.0,False,6.72,0.547,1.0047,27.14,8.91,40.5,18.2,22.3,0.492,42.4,6.0
Naz Reid,C/PF,C,22.52,6300,MIN,OKC,home,111.0,29.91,1.1373,22.1,0.6208163265306124,1.1596637142857142,0.996917808219178,1.0209989019315326,0.9810310525978015,100.0,1.0,False,4.69,0.879,1.0379,27.07,10.32,42.6,16.8,25.8,0.574,46.7,3.0
Jaden McDaniels,SF/PF,SF,31.66,6700,MIN,OKC,home,111.0,28.28,0.881,18.1,0.5084513805522209,0.8983238655462185,0.996917808219178,0.945385571931158,0.9810310525978015,95.8,1.0,False,6.12,0.756,1.0255999999999998,26.97,9.91,41.8,17.1,24.7,0.55,44.9,2.7
Isaiah Hartenstein,C,C,22.36,5400,OKC,MIN,away,117.5,31.78,1.1814,17.1,0.0,1.1814,0.9995091324200912,1.0648066248682573,0.99399202389379,50.0,0.95,True,5.04,0.604,1.0104,26.82,11.71,44.4,15.1,29.3,0.655,70.3,14.0
Sion James,SF/SG,SG,39.89,3700,CHA,DAL,away,115.0,15.18,0.6121,10.8,0.0,0.6121,0.9924543378995434,1.0161980555823025,1.0527692408291376,100.0,1.0,False,5.56,0.817,1.0316999999999998,26.75,6.79,36.9,20.0,16.9,0.379,37.9,1.7
Terance Mann,SF/SG,SG,38.39,4000,BKN,DEN,home,101.5,19.16,0.7543,13.7,0.0,0.7543,1.0322716894977169,0.929422757819968,0.9370512976997591,83.3,1.0,False,5.51,0.737,1.0237,26.65,7.65,38.1,19.0,19.1,0.43,37.0,0.0
Dillon Brooks,SF/SG,PF,27.22,6500,PHO,DET,home,105.5,29.25,0.9435,27.8,0.0,0.9435,1.0380593607305937,1.0125974208203798,0.915197211074628,85.4,1.0,False,3.9,0.863,1.0363,25.6,9.33,39.6,16.3,23.3,0.547,60.6,13.6
Grayson Allen,SG/SF,SG,27.18,7000,PHO,DET,home,105.5,29.5,0.9899,22.5,0.0,0.9899,1.0380593607305937,0.9653090842804632,0.915197211074628,62.5,1.0,False,5.91,0.605,1.0105,24.93,9.97,39.9,15.0,24.9,0.6,58.4,11.4
Reed Sheppard,PG/SG,SG,22.63,5000,HOU,ATL,away,114.0,25.22,1.0169,21.3,0.0,1.0169,1.002945205479452,1.0044359820266886,1.008724415960306,93.8,1.0,False,5.64,0.78,1.028,24.04,10.52,39.8,13.5,26.3,0.656,56.3,9.8
Duncan Robinson,SG/SF,SF,34.56,3900,DET,PHO,away,109.0,20.29,0.7094,15.1,0.604,0.7292632,1.002945205479452,0.9501864182803884,0.9691102848002658,89.6,1.0,False,5.22,0.789,1.0289,23.95,7.96,35.9,16.0,19.9,0.499,36.5,1.0
Nic Claxton,C,C,20.68,6100,BKN,DEN,home,101.5,32.28,1.0905,17.3,0.0,1.0905,1.0322716894977169,1.057725376503143,0.9370512976997591,89.6,1.0,False,4.63,0.832,1.0332,23.84,11.38,40.9,12.5,28.4,0.716,55.4,13.1
Ryan Kalkbrenner,C,C,20.68,4400,CHA,DAL,away,115.0,22.39,0.9329,11.7,0.0,0.9329,0.9924543378995434,1.1424603145670544,1.0527692408291376,75.0,1.0,False,5.48,0.698,1.0198,23.48,8.86,36.8,14.6,22.2,0.567,39.8,2.0
Peyton Watson,PF/SF,SF,25.13,7400,DEN,BKN,away,108.0,28.15,0.9352,19.9,0.0,0.9352,1.036678082191781,1.0087567437409957,0.92844253003854,91.7,1.0,False,8.03,0.599,1.0099,23.04,13.26,42.9,9.8,33.099999999999994,0.862,66.1,4.9
Jaden Ivey,SG/PG,SG,27.62,3800,DET,PHO,away,109.0,14.62,0.86,20.3,0.8119999999999999,0.88408,1.002945205479452,0.9489862066930808,0.9691102848002658,62.5,1.0,False,4.27,0.722,1.0222,23.02,6.52,32.8,16.5,16.299999999999997,0.425,24.7,0.0
Isaiah Stewart,C/PF,C,20.68,4800,DET,PHO,away,109.0,23.72,1.0094,16.5,0.6599999999999999,1.0376632,1.002945205479452,1.0709277039635257,0.9691102848002658,85.4,1.0,False,5.01,0.783,1.0283,22.97,9.5,37.2,13.5,23.700000000000003,0.62,59.8,8.1
Clint Capela,C,C,17.36,4000,HOU,ATL,away,114.0,12.95,1.136,13.9,0.0,1.136,1.002945205479452,1.080529396661986,1.008724415960306,81.2,1.0,False,5.88,0.7,1.02,21.99,8.82,35.2,13.2,22.000000000000004,0.601,40.6,3.0
Pelle Larsson,SF/SG,SF,24.08,4600,MIA,CHI,away,120.5,19.32,0.8186,16.0,0.5598272138228941,0.8386495118790498,0.97513698630137,1.006716384042573,1.0810514458876186,83.3,1.0,False,7.39,0.603,1.0103,21.65,10.73,37.7,10.9,26.800000000000004,0.741,39.7,0.0
Aaron Wiggins,SF/PF,SF,25.3,5000,OKC,MIN,away,117.5,20.58,0.8684,19.2,0.0,0.8684,0.9995091324200912,0.9261821865342378,0.99399202389379,68.8,1.0,False,6.21,0.615,1.0114999999999998,20.45,10.07,35.6,10.4,25.200000000000003,0.741,43.2,0.2
Michael Porter Jr.,PF/SF,SF,17.05,8400,BKN,DEN,home,101.5,39.74,1.2042,30.4,0.0,1.2042,1.0322716894977169,0.998434924090151,0.9370512976997591,77.1,1.0,False,4.22,0.798,1.0298,20.42,11.64,37.9,8.8,29.1,0.856,65.5,16.4
Tyrese Martin,SG/SF,SG,27.62,3800,BKN,DEN,home,101.5,15.16,0.7937,18.8,0.0,0.7937,1.0322716894977169,0.929422757819968,0.9370512976997591,72.9,1.0,False,5.57,0.681,1.0181,20.07,8.61,33.0,11.5,21.5,0.644,39.7,2.7
Jalen Pickett,PG/SG,PG,27.43,5300,DEN,BKN,away,108.0,14.58,0.7755,14.9,0.0,0.7755,1.036678082191781,0.9951943528044208,0.92844253003854,66.7,1.0,False,11.66,0.334,0.9834,20.04,10.56,35.9,9.5,26.4,0.791,41.5,0.0
PJ Washington,PF/SF,PF,18.76,6900,DAL,CHA,home,111.5,30.89,0.9965,21.1,0.9770614940156832,1.0288009120924475,1.0084817351598174,1.004315960867958,0.9727687852687852,70.8,1.0,False,,0.568,1.0068,19.15,15.0,41.6,4.1,37.5,1.172,,
Nickeil Alexander-Walker,SG/PG,SG,18.91,6900,ATL,HOU,home,108.5,33.05,1.0046,24.6,2.375783783783784,1.07251458018018,1.0380593607305937,0.9427451064390816,0.9265640432175744,97.9,1.0,False,3.48,0.9,1.04,19.13,9.82,33.9,9.3,24.6,0.772,57.3,13.4
Jaime Jaquez,SF/PF,SF,17.05,6400,MIA,CHI,away,120.5,29.29,1.0135,21.8,0.7627645788336933,1.0383230885529158,0.97513698630137,1.006716384042573,1.0810514458876186,89.6,1.0,False,,0.662,1.0162,19.09,15.0,41.6,4.1,37.5,1.179,,
Royce O'Neale,SF/PF,SF,25.3,5000,PHO,DET,home,105.5,23.48,0.7959,14.5,0.0,0.7959,1.0380593607305937,0.9410648102168512,0.915197211074628,97.9,1.0,False,4.28,0.898,1.0398,18.72,8.61,31.6,10.1,21.5,0.688,54.1,7.4
Jaylen Clark,SG,SG,27.22,3700,MIN,OKC,home,111.0,9.78,0.6936,12.4,0.3483313325330132,0.7072388571428572,0.996917808219178,0.9539070742010416,0.9810310525978015,93.8,1.0,False,5.33,0.803,1.0303,18.5,7.18,29.3,11.3,18.0,0.584,30.9,-1.0
Isaac Okoro,SF,SF,24.23,3900,CHI,MIA,home,118.0,16.59,0.661,13.3,0.9713483146067414,0.6947926966292135,0.9560958904109588,1.007676553312419,1.0328545891635332,81.2,1.0,False,5.83,0.704,1.0204,17.09,8.22,29.4,8.9,20.5,0.72,40.0,1.0
Kevin Huerter,SF/SG,SF,17.05,4200,CHI,MIA,home,118.0,21.82,0.9325,19.5,1.4241573033707862,0.9801727528089887,0.9560958904109588,1.007676553312419,1.0328545891635332,87.5,1.0,False,6.53,0.685,1.0185,16.94,9.91,31.8,7.0,24.8,0.877,40.5,0.0
Daniss Jenkins,PG/SG,PG,16.98,4700,DET,PHO,away,109.0,16.64,1.0024,21.1,0.844,1.0304672,1.002945205479452,0.9836723215662684,0.9691102848002658,77.1,1.0,False,10.55,0.385,0.9885,16.54,13.33,36.5,3.2,33.3,1.207,48.1,-1.0
Oso Ighodaro,PF/C,C,19.66,4200,PHO,DET,home,105.5,16.73,0.8365,12.1,0.0,0.8365,1.0380593607305937,1.0152378863124565,0.915197211074628,97.9,1.0,False,6.03,0.773,1.0273,16.29,9.3,30.2,7.0,23.2,0.854,42.4,1.7
Paul Reed,C,C,11.31,4200,DET,PHO,away,109.0,16.16,1.3467,19.2,0.768,1.3844076,1.002945205479452,1.0709277039635257,0.9691102848002658,66.7,1.0,False,8.5,0.441,0.9941,16.2,13.66,36.7,2.5,34.2,1.265,63.6,0.0
Spencer Jones,SF/PF,PF,26.47,4200,DEN,BKN,away,108.0,14.67,0.619,10.0,0.0,0.619,1.036678082191781,1.0318008062173003,0.92844253003854,87.5,1.0,False,10.98,0.438,0.9938,16.17,9.99,31.2,6.2,25.0,0.929,33.1,-1.0
Tre Mann,SG/PG,PG,16.98,3600,CHA,DAL,away,115.0,14.06,0.8626,23.7,0.0,0.8626,0.9924543378995434,1.0278401079791857,1.0527692408291376,62.5,1.0,False,7.99,0.456,0.9956,15.66,10.07,30.8,5.6,25.200000000000003,0.967,40.3,0.0
Jalen Wilson,SF,PF,25.3,3600,BKN,DEN,home,101.5,8.36,0.6014,16.9,0.0,0.6014,1.0322716894977169,1.0349213563442998,0.9370512976997591,62.5,1.0,False,6.32,0.575,1.0074999999999998,15.35,6.0,24.4,9.4,14.999999999999998,0.59,22.6,0.0
Tidjane Salaun,PF,PF,15.94,3800,CHA,DAL,away,115.0,14.23,0.8784,15.1,0.0,0.8784,0.9924543378995434,1.01103714575688,1.0527692408291376,62.5,1.0,False,,0.527,1.0027,14.83,15.0,37.3,0.0,37.3,1.515,,
Ryan Dunn,PF/SF,PF,17.17,3800,PHO,DET,home,105.5,17.83,0.8698,14.3,0.0,0.8698,1.0380593607305937,1.0125974208203798,0.915197211074628,83.3,1.0,False,5.3,0.752,1.0252,14.73,8.82,28.0,5.9,22.1,0.901,37.5,3.2
Isaiah Joe,SF/SG,SG,18.52,3900,OKC,MIN,away,117.5,16.3,0.815,17.8,0.0,0.815,0.9995091324200912,0.9531869472486572,0.99399202389379,81.2,1.0,False,6.56,0.652,1.0152,14.51,8.19,26.8,6.3,20.5,0.847,35.9,1.2
Day'Ron Sharpe,C,C,11.31,4900,BKN,DEN,home,101.5,21.69,1.1918,18.2,0.0,1.1918,1.0322716894977169,1.057725376503143,0.9370512976997591,89.6,1.0,False,4.9,0.812,1.0312,14.22,9.61,28.6,4.6,24.0,1.011,41.2,4.6
Javonte Green,SF,SG,17.05,3800,DET,PHO,away,109.0,16.56,0.8625,14.8,0.592,0.88665,1.002945205479452,0.9489862066930808,0.9691102848002658,93.8,1.0,False,8.11,0.604,1.0104,14.09,9.28,28.0,4.8,23.2,0.987,44.3,0.0
Dwight Powell,C,C,17.31,4300,DAL,CHA,home,111.5,11.85,0.7745,8.1,0.375080478745357,0.7996049236483698,1.0084817351598174,1.0447630913602215,0.9727687852687852,68.8,1.0,False,10.16,0.344,0.9844,13.96,10.6,29.9,3.4,26.5,1.142,39.5,0.0
Mouhamed Gueye,PF/C,PF,16.14,3900,ATL,HOU,home,108.5,13.82,0.8638,13.2,1.2748108108108105,0.9221959927927929,1.0380593607305937,0.9531869472486572,0.9265640432175744,97.9,1.0,False,7.59,0.662,1.0162,13.87,10.16,29.1,3.7,25.4,1.098,46.9,0.0
Ronald Holland II,PF/SF,PF,14.72,3900,DET,PHO,away,109.0,19.36,0.9219,18.9,0.7559999999999999,0.9477132,1.002945205479452,0.9815119407091148,0.9691102848002658,89.6,1.0,False,5.22,0.789,1.0289,13.69,7.18,24.5,6.5,18.0,0.79,35.3,0.5
Nikola Jovic,PF,PF,12.07,4000,MIA,CHI,away,120.5,17.89,0.9416,21.6,0.7557667386609072,0.964662082073434,0.97513698630137,1.0894109624080617,1.0810514458876186,77.1,1.0,False,,0.6,1.01,13.51,15.0,36.0,0.0,36.0,1.665,,
Bones Hyland,PG,PG,13.97,4400,MIN,OKC,home,111.0,13.8,0.9928,19.7,0.5533973589435774,1.0123222857142855,0.996917808219178,0.9642288938518864,0.9810310525978015,81.2,1.0,False,7.79,0.564,1.0064,13.42,9.55,27.7,3.9,23.8,1.064,37.9,-1.0
Patrick Williams,PF/SF,PF,16.6,3700,CHI,MIA,home,118.0,13.21,0.7298,16.6,1.2123595505617974,0.76711,0.9560958904109588,1.0427227316617989,1.0328545891635332,89.6,1.0,False,6.13,0.724,1.0224,13.41,7.26,24.3,6.2,18.1,0.812,28.0,-0.8
Moussa Cisse,C,C,11.31,3800,DAL,CHA,home,111.5,13.3,1.1466,14.5,0.6714403631861329,1.18376630788279,1.0084817351598174,1.0447630913602215,0.9727687852687852,54.2,0.95,True,6.83,0.497,0.9997,13.03,11.61,30.4,1.4,29.0,1.333,39.3,-1.0
Jamaree Bouyea,PG,PG,15.46,3900,PHO,DET,home,105.5,15.02,0.9947,18.7,0.0,0.9947,1.0380593607305937,0.992553887312344,0.915197211074628,43.8,0.9,True,6.73,0.453,0.9953,12.99,9.05,26.6,3.9,22.700000000000003,1.048,32.7,3.0
Corey Kispert,SF,SF,16.86,3800,ATL,HOU,home,108.5,15.04,0.7916,17.9,1.7287207207207202,0.8451150126126126,1.0380593607305937,0.963508766899502,0.9265640432175744,58.3,0.95,True,5.77,0.594,1.0094,12.66,8.87,26.0,3.8,22.2,1.054,36.1,1.0
Tim Hardaway Jr.,SF/SG,SG,17.05,4600,DEN,BKN,away,108.0,20.28,0.7429,18.7,0.0,0.7429,1.036678082191781,0.979471581010692,0.92844253003854,95.8,1.0,False,5.89,0.773,1.0273,12.27,7.64,23.7,4.6,19.1,0.932,42.1,6.0
D'Angelo Russell,PG,PG,12.77,3700,DAL,CHA,home,111.5,18.86,0.9926,26.1,1.208592653735039,1.0247744960792406,1.0084817351598174,1.0089967860584572,0.9727687852687852,54.2,0.95,True,7.5,0.45,0.995,12.24,12.06,30.3,0.2,30.1,1.475,46.0,2.2
Drake Powell,SG/SF,PG,19.77,3700,BKN,DEN,home,101.5,11.67,0.6142,14.8,0.0,0.6142,1.0322716894977169,1.0262798329156857,0.9370512976997591,70.8,1.0,False,6.64,0.594,1.0094,12.17,7.22,23.0,5.0,18.0,0.89,25.4,-1.0
Zeke Nnaji,PF/C,C,14.56,4000,DEN,BKN,away,108.0,11.08,0.8029,14.2,0.0,0.8029,1.036678082191781,1.0626462440111035,0.92844253003854,70.8,1.0,False,9.38,0.398,0.9898,11.83,10.92,28.2,0.9,27.3,1.384,42.1,0.0
Jaylin Williams,C/PF,C,11.31,4400,OKC,MIN,away,117.5,17.61,0.9571,15.4,0.0,0.9571,0.9995091324200912,1.0648066248682573,0.99399202389379,68.8,1.0,False,5.12,0.693,1.0193,11.67,8.82,24.9,2.8,22.1,1.134,36.5,3.5
Kenrich Williams,PF,PF,13.69,4000,OKC,MIN,away,117.5,13.74,0.8865,16.3,0.0,0.8865,0.9995091324200912,1.0082766591060728,0.99399202389379,58.3,0.95,True,7.74,0.453,0.9953,11.5,10.1,26.6,1.4,25.200000000000003,1.313,36.6,1.2
Jordan Goodwin,SG/SF,SG,11.81,4900,PHO,DET,home,105.5,21.41,0.9866,18.8,0.0,0.9866,1.0380593607305937,0.9653090842804632,0.915197211074628,91.7,1.0,False,5.9,0.751,1.0251,10.95,8.91,24.3,2.0,22.3,1.219,38.6,0.2
Johnny Juzang,SF,SF,14.51,3500,MIN,OKC,home,111.0,3.61,0.9025,23.7,0.6657623049219689,0.920246638655462,0.996917808219178,0.945385571931158,0.9810310525978015,37.5,0.85,True,2.43,0.688,1.0188,10.69,4.09,16.8,6.6,10.2,0.572,15.1,-1.0
Jaden Hardy,SG,SG,12.43,3600,DAL,CHA,home,111.5,10.53,0.8291,24.0,1.1113495666529096,0.8559747478332644,1.0084817351598174,0.9799516656456152,0.9727687852687852,66.7,1.0,False,7.43,0.517,1.0017,10.25,7.96,22.2,2.3,19.9,1.166,27.7,0.0
Nick Richards,C,C,11.31,3500,PHO,DET,home,105.5,8.51,0.9352,17.9,0.0,0.9352,1.0380593607305937,1.0152378863124565,0.915197211074628,58.3,0.95,True,4.6,0.677,1.0177,9.86,6.26,19.2,3.6,15.6,0.947,26.0,0.2
Leonard Miller,SF,PF,12.07,3500,MIN,OKC,home,111.0,4.63,0.9078,21.7,0.6095798319327732,0.9256508571428572,0.996917808219178,0.9674694651376168,0.9810310525978015,37.5,0.85,True,2.97,0.688,1.0188,9.15,4.07,15.3,5.1,10.2,0.672,11.6,0.0
Bruce Brown,SF/SG,SG,12.23,4300,DEN,BKN,away,108.0,18.54,0.763,14.3,0.0,0.763,1.036678082191781,0.979471581010692,0.92844253003854,97.9,1.0,False,4.83,0.859,1.0359,9.11,8.56,22.0,0.5,21.5,1.415,36.9,0.0
Ben Saraf,PG,SG,16.98,3700,BKN,DEN,home,101.5,11.78,0.6889,19.1,0.0,0.6889,1.0322716894977169,0.929422757819968,0.9370512976997591,29.2,0.85,True,7.12,0.352,0.9852,8.81,7.46,20.0,1.4,18.6,1.27,24.4,0.5
Myron Gardner,SF,SF,7.68,3600,MIA,CHI,away,120.5,8.38,1.2324,16.4,0.5738228941684664,1.2625844838012956,0.97513698630137,1.006716384042573,1.0810514458876186,39.6,0.85,True,5.8,0.498,0.9998,8.75,7.14,19.5,1.6,17.9,1.229,21.5,0.0
Aaron Holiday,PG,PG,12.77,3600,HOU,ATL,away,114.0,9.06,0.6662,17.7,0.0,0.6662,1.002945205479452,1.0253196636458397,1.008724415960306,64.6,1.0,False,9.16,0.383,0.9883,8.72,7.99,20.7,0.7,20.0,1.374,30.2,0.0
Simone Fontecchio,SF/PF,PF,7.61,4300,MIA,CHI,away,120.5,16.19,0.958,20.1,0.7032829373650109,0.981463758099352,0.97513698630137,1.0894109624080617,1.0810514458876186,93.8,1.0,False,7.26,0.665,1.0165,8.72,8.57,21.6,0.2,21.4,1.477,35.0,0.0
Christian Koloko,C,C,11.31,3800,ATL,HOU,home,108.5,12.07,0.8101,9.6,0.9271351351351348,0.8648656792792794,1.0380593607305937,1.051364255090413,0.9265640432175744,35.4,0.85,True,7.15,0.381,0.9881,8.31,8.38,20.9,0.0,20.9,1.515,27.3,0.0
Chris Youngblood,SG,SG,12.43,3500,OKC,MIN,away,117.5,3.36,0.672,15.1,0.0,0.672,0.9995091324200912,0.9531869472486572,0.99399202389379,60.4,1.0,False,2.6,0.802,1.0302,8.15,3.48,13.4,4.7,8.7,0.644,14.7,0.0
Joan Beringer,C,C,7.97,3600,MIN,OKC,home,111.0,7.99,1.1097,15.8,0.4438415366146458,1.1315209915966384,0.996917808219178,1.0209989019315326,0.9810310525978015,45.8,0.9,True,7.07,0.438,0.9938,8.05,7.9,19.9,0.2,19.7,1.472,29.1,0.0
Josh Green,SG/SF,SG,12.43,3800,CHA,DAL,away,115.0,10.0,0.6211,11.7,0.0,0.6211,0.9924543378995434,1.0161980555823025,1.0527692408291376,50.0,0.95,True,4.17,0.666,1.0166,7.92,7.06,18.5,0.9,17.6,1.336,23.8,-0.8
Joe Ingles,SG,SF,11.81,3500,MIN,OKC,home,111.0,3.51,0.8163,8.5,0.2387755102040816,0.8323516134453781,0.996917808219178,0.945385571931158,0.9810310525978015,31.2,0.85,True,2.02,0.656,1.0156,7.85,3.67,13.4,4.2,9.2,0.707,12.5,-1.0
Rasheer Fleming,PF,PF,10.51,3500,PHO,DET,home,105.5,5.36,0.7882,18.6,0.0,0.7882,1.0380593607305937,1.0125974208203798,0.915197211074628,54.2,0.95,True,3.79,0.715,1.0215,7.73,4.11,13.9,3.6,10.3,0.798,14.4,-1.0
JD Davison,PG,SG,10.7,3500,HOU,ATL,away,114.0,5.66,0.7861,14.0,0.0,0.7861,1.002945205479452,1.0044359820266886,1.008724415960306,41.7,0.9,True,6.59,0.452,0.9952,7.66,6.48,17.4,1.2,16.2,1.272,26.4,-1.0
Dalen Terry,SF,SF,8.05,3600,CHI,MIA,home,118.0,8.52,0.8784,14.5,1.0589887640449438,0.9233069662921348,0.9560958904109588,1.007676553312419,1.0328545891635332,62.5,1.0,False,5.85,0.609,1.0109,7.48,8.64,20.4,0.0,20.4,1.727,32.0,-1.0
Jevon Carter,PG,PG,9.0,3500,CHI,MIA,home,118.0,8.5,0.8019,19.4,1.4168539325842693,0.842896011235955,0.9560958904109588,1.0672070480428724,1.0328545891635332,45.8,0.9,True,6.6,0.472,0.9972,7.18,8.19,19.5,0.0,19.5,1.716,25.2,-2.0
Marcus Sasser,PG,PG,7.68,3600,DET,PHO,away,109.0,10.9,1.1354,22.0,0.88,1.1671912,1.002945205479452,0.9836723215662684,0.9691102848002658,27.1,0.85,True,8.08,0.273,0.9773,7.12,10.57,23.0,0.0,23.0,2.23,33.9,0.2
Isaiah Crawford,SF,SF,8.05,3500,HOU,ATL,away,114.0,0.0,0.0,8.3,0.0,1.0,1.002945205479452,1.0221991135188402,1.008724415960306,4.2,0.85,True,0.58,0.521,1.0021,7.09,0.0,7.1,7.1,0.0,0.001,0.0,0.0
CJ McCollum,SG/PG,PG,6.87,6200,ATL,HOU,home,108.5,29.5,0.9801,25.0,2.414414414414414,1.046358291891892,1.0380593607305937,0.9890732737091522,0.9265640432175744,91.7,1.0,False,5.27,0.796,1.0295999999999998,7.04,10.16,22.3,0.0,22.3,2.168,59.0,9.2
Branden Carlson,C,C,6.62,3700,OKC,MIN,away,117.5,10.5,0.9722,17.9,0.0,0.9722,0.9995091324200912,1.0648066248682573,0.99399202389379,68.8,1.0,False,7.33,0.535,1.0035,6.83,8.83,20.1,0.0,20.1,1.943,36.2,0.0
Klay Thompson,SF/SG,SF,8.05,4300,DAL,CHA,home,111.5,18.3,0.8318,22.7,1.0511514651258769,0.8587622666116385,1.0084817351598174,0.969269782518578,0.9727687852687852,89.6,1.0,False,4.41,0.847,1.0347,6.8,7.62,18.2,0.0,18.2,1.676,40.2,6.7
Pat Connaughton,SG,SG,8.05,3500,CHA,DAL,away,115.0,5.98,0.8543,14.6,0.0,0.8543,0.9924543378995434,1.0161980555823025,1.0527692408291376,45.8,0.9,True,4.71,0.607,1.0107,6.64,5.31,14.6,1.3,13.3,1.199,19.9,0.0
Nolan Traore,PG,PG,11.29,4100,BKN,DEN,home,101.5,12.39,0.6661,17.9,0.0,0.6661,1.0322716894977169,1.0262798329156857,0.9370512976997591,47.9,0.9,True,8.26,0.364,0.9864,6.63,8.58,19.5,0.0,19.5,1.941,34.6,0.0
Chaz Lanier,SG,SG,11.81,3500,DET,PHO,away,109.0,6.25,0.672,14.1,0.564,0.6908160000000001,1.002945205479452,0.9489862066930808,0.9691102848002658,35.4,0.85,True,7.36,0.366,0.9866,6.31,5.46,14.5,0.8,13.7,1.298,17.6,0.0
Asa Newell,PF,PF,6.9,3500,ATL,HOU,home,108.5,9.83,0.9274,17.4,1.680432432432432,0.990095581981982,1.0380593607305937,0.9531869472486572,0.9265640432175744,68.8,1.0,False,6.99,0.559,1.0059,6.3,8.96,19.7,0.0,19.7,2.127,37.0,0.0
Jae'Sean Tate,SF,SF,8.52,3600,HOU,ATL,away,114.0,5.53,0.7276,13.1,0.0,0.7276,1.002945205479452,1.0221991135188402,1.008724415960306,58.3,0.95,True,5.26,0.63,1.013,6.17,5.45,14.3,0.7,13.6,1.318,19.2,0.0
Keshad Johnson,SF,SF,7.83,3500,MIA,CHI,away,120.5,6.41,0.8434,18.3,0.6403023758099352,0.8640569244060475,0.97513698630137,1.006716384042573,1.0810514458876186,39.6,0.85,True,7.7,0.362,0.9862,6.02,8.34,18.5,0.0,18.5,2.073,36.7,-0.6
DaRon Holmes,C/PF,C,10.38,3600,DEN,BKN,away,108.0,9.35,0.6631,12.8,0.0,0.6631,1.036678082191781,1.0626462440111035,0.92844253003854,25.0,0.85,True,,0.339,0.9839,5.89,15.0,28.4,0.0,28.4,3.822,,
Ryan Nembhard,PG,PG,6.87,3800,DAL,CHA,home,111.5,16.08,0.8246,17.9,0.8288815517952951,0.8513288832026413,1.0084817351598174,1.0089967860584572,0.9727687852687852,70.8,1.0,False,8.58,0.455,0.9955,5.76,10.49,21.5,0.0,21.5,2.733,46.6,-2.0
Julian Phillips,SF,SF,7.61,3500,CHI,MIA,home,118.0,6.36,0.6913,12.0,0.8764044943820223,0.7266417415730337,0.9560958904109588,1.007676553312419,1.0328545891635332,66.7,1.0,False,6.57,0.579,1.0079,5.55,5.68,14.1,0.0,14.1,1.541,16.7,0.0
Julian Strawther,SF,SF,8.05,3900,DEN,BKN,away,108.0,7.7,0.7333,20.0,0.0,0.7333,1.036678082191781,1.0087567437409957,0.92844253003854,50.0,0.95,True,6.61,0.492,0.9992,5.44,8.93,18.8,0.0,18.8,2.456,33.5,-0.8
Liam McNeeley,SF,SF,7.83,3500,CHA,DAL,away,115.0,8.32,0.682,14.0,0.0,0.682,0.9924543378995434,0.9589479628677332,1.0527692408291376,58.3,0.95,True,5.74,0.596,1.0096,5.13,6.24,14.5,0.0,14.5,1.827,23.8,-0.8
E.J. Liddell,PF,PF,7.52,3500,BKN,DEN,home,101.5,3.4,0.7907,16.0,0.0,0.7907,1.0322716894977169,1.0349213563442998,0.9370512976997591,18.8,0.85,True,1.73,0.594,1.0094,5.11,2.81,9.3,2.3,7.000000000000001,0.82,8.4,0.0
Khaman Maluach,C,C,7.38,3500,PHO,DET,home,105.5,3.8,0.8261,16.1,0.0,0.8261,1.0380593607305937,1.0152378863124565,0.915197211074628,39.6,0.85,True,2.93,0.698,1.0198,5.1,3.35,10.1,1.7,8.4,0.98,11.4,-1.0
Bobi Klintman,PF,PF,7.61,3500,DET,PHO,away,109.0,6.26,0.7825,20.1,0.804,0.80441,1.002945205479452,0.9815119407091148,0.9691102848002658,14.6,0.85,True,4.47,0.468,0.9968,4.95,5.62,13.4,0.0,13.4,1.707,12.7,-1.0
Hunter Tyson,SF,PF,7.83,3600,DEN,BKN,away,108.0,5.94,0.7425,17.9,0.0,0.7425,1.036678082191781,1.0318008062173003,0.92844253003854,37.5,0.85,True,7.39,0.374,0.9874,4.85,6.13,14.0,0.0,14.0,1.887,21.8,0.0
Miles Kelly,PG,SG,7.68,3500,DAL,CHA,home,111.5,6.08,0.7506,16.1,0.745530334296327,0.7749302203879488,1.0084817351598174,0.9799516656456152,0.9727687852687852,20.8,0.85,True,6.75,0.336,0.9836,4.78,5.83,13.5,0.0,13.5,1.824,16.5,-1.0
Ousmane Dieng,PF,PF,6.87,3600,OKC,MIN,away,117.5,8.29,0.7025,13.9,0.0,0.7025,0.9995091324200912,1.0082766591060728,0.99399202389379,50.0,0.95,True,7.11,0.456,0.9956,4.57,5.52,12.8,0.0,12.8,1.801,20.9,1.2
Jeff Green,SF,PF,6.99,3500,HOU,ATL,away,114.0,3.05,0.6932,16.4,0.0,0.6932,1.002945205479452,1.0369617160427227,1.008724415960306,31.2,0.85,True,2.08,0.656,1.0156,4.39,2.35,7.9,2.0,5.9,0.8,9.0,0.0
Brooks Barnhizer,SF,SF,7.83,3500,OKC,MIN,away,117.5,4.54,0.6053,8.3,0.0,0.6053,0.9995091324200912,0.9261821865342378,0.99399202389379,52.1,0.95,True,4.33,0.665,1.0165,4.21,4.04,10.3,0.2,10.1,1.447,12.2,-1.0
Lachlan Olbrich,C,C,7.52,3500,CHI,MIA,home,118.0,3.6,0.5373,7.9,0.5769662921348314,0.5647687078651685,0.9560958904109588,1.0952919991858685,1.0328545891635332,22.9,0.85,True,5.13,0.462,0.9962,3.89,2.27,7.3,1.6,5.699999999999999,0.877,7.5,0.0
Nigel Hayes-Davis,SF,PF,7.61,3500,PHO,DET,home,105.5,4.19,0.5513,12.1,0.0,0.5513,1.0380593607305937,1.0125974208203798,0.915197211074628,52.1,0.95,True,5.34,0.593,1.0093,3.87,4.46,10.6,0.0,10.6,1.739,18.4,-0.8
Isaiah Livers,PF,PF,5.4,3600,PHO,DET,home,105.5,7.6,0.7308,10.1,0.0,0.7308,1.0380593607305937,1.0125974208203798,0.915197211074628,50.0,0.95,True,6.01,0.535,1.0035,3.62,6.25,13.0,0.0,13.0,2.591,24.0,-1.0
Vit Krejci,SG/SF,PG,4.44,3600,ATL,HOU,home,108.5,16.47,0.7419,14.5,1.40036036036036,0.7920551135135135,1.0380593607305937,0.9890732737091522,0.9265640432175744,93.8,1.0,False,,0.683,1.0183,3.41,15.0,25.9,0.0,25.9,6.595,,
Luke Kennard,SG/PG,SG,4.12,4100,ATL,HOU,home,108.5,15.6,0.7573,12.8,1.2361801801801802,0.808496209009009,1.0380593607305937,0.9427451064390816,0.9265640432175744,89.6,1.0,False,5.81,0.747,1.0247,3.1,7.89,14.9,0.0,14.9,3.806,31.8,1.2
Keaton Wallace,PG,PG,2.35,3500,ATL,HOU,home,108.5,10.09,0.8698,15.3,1.4776216216216214,0.9286016144144144,1.0380593607305937,0.9890732737091522,0.9265640432175744,79.2,1.0,False,7.38,0.583,1.0083,2.09,7.86,13.9,0.0,13.9,5.651,28.9,-0.8
