player_name,fd_position,true_position,projected_min,salary,team,opponent,location,implied_total,fp_pg,fp_per_min,usg_pct,usg_boost,fppm_adj,ref_weight,dvp_weight,line_weight,games_pct,gp_weight,low_gp_flag,min_sd,omega,omega_weight,proj_fp,fp_sd,ceiling,floor,fp_range,upside_ratio,hist_max_fp,hist_min_fp,tier,raw_fp_sd,tier_cv,tier_expected_sd,value_ratio,value_vs_tier,archetype,value,ceiling_value,floor_value,upside_per_k,value_rank,salary_tier
T.J. McConnell,PG,PG,40.0,4400,IND,WAS,home,114.5,22.14,1.3024,24.0,7.452751423149906,1.585505184060721,0.9920720804594916,1.0603672098465955,0.9806611217743656,83.3,1.0,False,3.78,0.861,1.0361,67.7872173337479,13.389891999999998,87.9,54.4,33.50000000000001,0.297,47.8,6.2,value,8.94,0.191,33.29,15.47,2.815,Playmaker,15.406185757669977,19.977272727272727,12.363636363636362,4.57108696960275,1.0,Punt
Nikola Jokic,C,C,29.44,12600,DEN,POR,home,119.5,61.78,1.7959,31.1,5.351096901131333,2.012203036891294,0.9684667370209344,1.1166900478882162,1.0273044661074586,83.3,1.0,False,,0.631,1.0131,66.67736856663538,15.839388,90.4,50.8,39.60000000000001,0.356,,,stud,14.325,0.226,18.01,5.26,0.73,Traditional Big,5.291854648145665,7.174603174603175,4.031746031746032,1.8827485264575101,57.0,Star
Deni Avdija,SF/PF,SF,37.93,9900,POR,DEN,away,121.0,44.04,1.284,29.0,3.734313313733725,1.399737958840823,0.9803800865104084,1.0026408026581846,1.0982171799027551,95.8,1.0,False,4.93,0.841,1.0341,59.267991499518274,12.8,78.5,46.5,32.0,0.324,70.8,19.5,stud,12.642,0.213,16.37,6.08,1.0,Point Forward,5.986665808032149,7.929292929292929,4.696969696969697,1.9426271212607804,38.0,Star
Jalen Johnson,PF/SF,PF,35.7,11300,ATL,MIA,home,120.5,50.57,1.4165,27.2,1.4785026737967917,1.4703974016986476,1.032279972832943,1.0209879575120453,1.0290411724213613,106.2,1.0,False,3.9,0.9,1.04,59.20892210073688,13.27,79.1,45.9,33.2,0.336,88.6,23.1,stud,13.27,0.219,16.47,5.36,0.763,Point Forward,5.239727619534237,6.999999999999999,4.061946902654867,1.7602723804657625,59.0,Star
Jamal Murray,PG/SG,PG,39.86,9200,DEN,POR,home,119.5,44.3,1.2444,28.6,4.92094441711756,1.3942788903098868,0.9684667370209344,1.0069001283383758,1.0273044661074586,106.2,1.0,False,4.48,0.9,1.04,57.90160031772888,9.26,71.8,48.6,23.2,0.24,67.2,22.2,stud,9.2635,0.153,16.43,6.57,1.161,Playmaker,6.293652208448791,7.804347826086957,5.282608695652175,1.5106956176381652,32.0,Star
LaMelo Ball,PG,PG,40.0,8300,CHA,CLE,home,111.5,36.86,1.3259,31.8,0.0,1.3259,1.013829627125707,0.9962150875254852,1.020728437847381,95.8,1.0,False,4.87,0.845,1.0345,56.562626091649285,13.5880704,76.9,43.0,33.900000000000006,0.36,78.1,17.4,mid_high,13.5125,0.232,17.59,7.11,0.587,Playmaker,6.814774227909552,9.265060240963855,5.180722891566265,2.4502860130543036,22.0,Star
GG Jackson,PF/SF,SF,33.82,5600,MEM,UTA,away,120.0,18.02,0.9636,19.3,11.831602390005427,1.3771053079847908,1.0535780459189796,1.0507192174213629,1.054371144390955,68.8,1.0,False,,0.558,1.0058,54.67632124242501,17.074556500000003,80.3,37.6,42.7,0.469,,,mid,14.325,0.31,21.54,9.54,1.585,3-and-D Wing,9.76362879329018,14.339285714285715,6.714285714285715,4.575656920995534,4.0,Mid
Isaiah Collier,PG,SG,40.0,8000,UTA,MEM,home,117.5,26.02,1.0204,18.6,7.203108472746898,1.2970148559093362,1.0232536906112906,0.974787485493258,1.0385815721676477,100.0,1.0,False,8.11,0.635,1.0135,54.47065179562362,14.7656665,76.6,39.7,36.89999999999999,0.406,63.0,1.5,mid_high,14.95,0.264,16.85,7.07,0.578,Playmaker,6.808831474452952,9.575,4.9625,2.766168525547047,23.0,High
Tristan Vukcevic,C,C,37.41,5400,WAS,IND,away,116.0,14.55,1.2025,26.6,3.6894277400581954,1.3192509699321049,0.9861703728742928,1.0555376653051018,1.034947937331775,70.8,1.0,False,7.58,0.527,1.0027,53.31265789346896,15.634496,76.8,37.7,39.1,0.441,37.8,-1.0,mid,12.535,0.281,21.92,10.07,1.729,Traditional Big,9.872714424716474,14.222222222222221,6.981481481481482,4.349507797505748,3.0,Mid
Jay Huff,C,C,37.41,5600,IND,WAS,home,114.5,22.13,1.1065,17.2,5.3411385199241,1.3470220256166985,0.9920720804594916,1.0576216496853186,0.9806611217743656,116.7,1.0,False,7.32,0.775,1.0275,53.2766309782013,11.493196,70.5,41.8,28.700000000000003,0.323,53.3,0.0,mid,11.32,0.254,17.96,7.96,1.157,Stretch 5,9.513684103250233,12.589285714285715,7.464285714285714,3.075601611035483,5.0,Mid
Cam Spencer,SG/PG,PG,27.74,5300,MEM,UTA,away,120.0,24.14,1.0017,17.8,10.912047800108637,1.4315549885931558,1.0535780459189796,1.0732628114085736,1.054371144390955,106.2,1.0,False,5.69,0.839,1.0339,48.95074797358057,9.0319515,62.5,39.9,22.6,0.277,45.6,6.9,mid,8.6905,0.18,19.49,9.13,1.474,Playmaker,9.235990183694447,11.79245283018868,7.528301886792453,2.556462646494232,6.0,Mid
Jeremiah Fears,PG/SG,PG,40.0,5500,NO,MIL,away,114.0,24.89,0.9723,24.6,0.0,0.9723,1.0535780459189796,1.0855975268939595,1.0101001889975003,116.7,1.0,False,5.6,0.898,1.0398,46.72078167016963,9.857916,61.5,36.9,24.6,0.316,46.3,6.1,mid,9.41,0.206,18.44,8.32,1.255,Playmaker,8.494687576394478,11.181818181818182,6.709090909090909,2.687130605423704,10.0,Mid
Luka Doncic,PG,PG,28.52,16000,LAL,LAC,away,116.0,56.76,1.5989,37.9,0.0,1.5989,0.9978793507075856,1.0048438193360276,1.0054468269524364,87.5,1.0,False,,0.652,1.0152,46.67218594257624,14.19,68.0,32.5,35.5,0.457,,,stud,14.325,0.292,13.22,3.04,0.0,Playmaker,2.917011621411015,4.25,2.03125,1.332988378588985,141.0,Star
Donovan Mitchell,SG/PG,SG,32.6,9800,CLE,CHA,away,117.0,45.35,1.3578,32.7,2.793595674376689,1.4389988056473413,1.0131931112977746,0.93541047733068,1.0074321503131525,108.3,1.0,False,3.12,0.9,1.04,46.58237611934821,9.1184412,60.3,37.5,22.8,0.294,63.8,23.6,stud,9.3896,0.187,13.68,5.13,0.688,Combo Guard,4.753303685647777,6.153061224489795,3.826530612244898,1.399757538842019,80.0,Star
James Harden,PG/SG,SG,34.36,9100,CLE,CHA,away,117.0,44.48,1.2672,30.6,2.6141904475818563,1.3429807677981376,1.0131931112977746,0.93541047733068,1.0074321503131525,100.0,1.0,False,5.07,0.852,1.0352,45.60972741528262,10.3031588,61.1,35.3,25.800000000000004,0.34,80.3,12.9,stud,10.6128,0.216,13.39,5.41,0.78,Combo Guard,5.012057957723365,6.714285714285714,3.879120879120879,1.7022277565623496,68.0,Star
Kawhi Leonard,SF/PF,SF,26.67,16000,LAC,LAL,home,109.5,46.43,1.4155,33.4,3.550630630630631,1.5208336036036034,1.0473806170088569,1.0692540547576102,0.9681967539579808,87.5,1.0,False,4.39,0.838,1.0338,45.46637232513162,13.52757,65.8,31.9,33.9,0.447,92.2,21.8,stud,13.11,0.298,11.83,2.72,-0.105,Scoring Wing,2.8416482703207264,4.1125,1.99375,1.2708517296792734,145.0,Star
Naji Marshall,SF/PF,SF,40.0,6800,DAL,MIN,home,112.5,27.38,0.925,19.2,5.093009292351679,1.0967564331665476,1.0021206492924144,0.9976681030277064,0.9814931689931692,110.4,1.0,False,5.54,0.871,1.0371,44.64616869764198,10.55,60.5,34.1,26.4,0.355,51.6,5.7,mid,10.55,0.239,17.81,6.5,0.762,Scoring Wing,6.56561304377088,8.897058823529411,5.014705882352941,2.331445779758532,27.0,High
Jahmai Mashack,SF,SG,34.22,4100,MEM,UTA,away,120.0,10.66,0.9034,16.1,9.869885931558937,1.2910719543726237,1.0535780459189796,1.097876494126085,1.054371144390955,25.0,0.85,True,10.4,0.125,0.9625,44.08225751506083,19.305843,73.0,24.8,48.2,0.656,26.7,-1.0,value,10.781949999999998,0.419,20.54,10.25,1.528,Combo Guard,10.751770125624594,17.804878048780488,6.048780487804879,7.0531079231558955,2.0,Punt
Day'Ron Sharpe,C,C,35.89,6000,BKN,OKC,home,99.0,22.79,1.2319,19.0,0.0,1.2319,1.0257305829333614,1.0140062338640812,0.9139712164756272,108.3,1.0,False,5.1,0.891,1.0391,43.67296792089635,12.81,62.9,30.9,32.0,0.44,51.9,4.6,mid,12.811,0.286,18.04,7.46,1.022,Versatile Big,7.278827986816058,10.483333333333333,5.1499999999999995,3.204505346517275,18.0,Mid
Julius Randle,PF,PF,29.74,8400,MIN,DAL,away,127.0,40.4,1.2024,26.5,0.0,1.2024,1.0030064809359482,1.0383760386675784,1.1224409340533406,116.7,1.0,False,4.18,0.9,1.04,43.47555798881222,8.517417499999999,56.3,35.0,21.3,0.295,59.4,24.8,mid_high,8.35,0.196,12.69,5.07,0.132,Versatile Big,5.175661665334788,6.702380952380952,4.166666666666666,1.5267192870461639,61.0,Star
Ryan Rollins,PG/SG,PG,34.26,7900,MIL,NO,home,109.5,33.97,1.0616,23.8,5.217909738717339,1.2245215581947744,0.9684667370209344,1.0398179575120454,0.9425316455696204,106.2,1.0,False,4.91,0.895,1.0395,41.39198469012937,9.863436,56.2,31.5,24.700000000000003,0.358,60.2,16.5,mid_high,9.68,0.233,12.39,5.26,0.174,Playmaker,5.239491732927768,7.113924050632911,3.9873417721518987,1.8744323177051434,60.0,High
LeBron James,PF/SF,SF,31.56,16000,LAL,LAC,away,116.0,41.61,1.2495,28.5,0.0,1.2495,0.9978793507075856,0.9963068999037497,1.0054468269524364,75.0,1.0,False,2.81,0.875,1.0375,40.89701794660888,10.7,56.9,30.2,26.7,0.391,59.6,11.5,stud,10.5623,0.262,11.13,2.56,-0.158,Point Forward,2.556063621663055,3.55625,1.8875,1.0001863783369451,159.0,Star
Anthony Edwards,SG/SF,SG,26.66,10000,MIN,DAL,away,127.0,44.69,1.2589,31.2,0.0,1.2589,1.0030064809359482,1.0540805672366018,1.1224409340533406,95.8,1.0,False,6.31,0.743,1.0243,40.7961888890562,12.190464,59.1,28.6,30.5,0.449,66.4,6.2,stud,11.94,0.341,9.44,3.47,0.141,Playmaker,4.079618888905619,5.91,2.8600000000000003,1.8303811110943804,93.0,Star
Brandon Miller,SF/SG,SF,34.35,7900,CHA,CLE,home,111.5,34.54,1.1288,29.4,0.0,1.1288,1.013829627125707,0.9911496480394484,1.020728437847381,81.2,1.0,False,6.19,0.678,1.0178,40.4781460218728,12.36,59.0,28.1,30.9,0.458,55.0,3.5,mid_high,12.3855,0.3,12.27,5.21,0.163,Scoring Wing,5.123815952135797,7.468354430379747,3.5569620253164556,2.344538478243949,65.0,High
Jrue Holiday,PG,PG,32.47,7000,POR,DEN,away,121.0,32.39,1.1445,23.4,3.0132045359092814,1.2476636245275097,0.9803800865104084,0.9409926647172911,1.0982171799027551,56.2,0.95,True,6.08,0.561,1.0061,39.2295664906744,11.6572989,56.7,27.6,29.1,0.445,57.3,9.4,mid_high,11.481,0.28,12.88,6.17,0.377,Playmaker,5.604223784382057,8.1,3.942857142857143,2.4957762156179433,45.0,High
Chet Holmgren,C/PF,C,27.07,7800,OKC,BKN,away,116.5,35.94,1.2308,22.2,3.861345544205707,1.380654994011976,1.0079279195405082,1.0153148521039024,0.98553251730746,102.1,1.0,False,4.31,0.9,1.04,39.20197396227132,8.69,52.2,30.5,21.700000000000003,0.332,55.3,15.1,mid_high,8.6944,0.227,11.43,4.92,0.098,Stretch 5,5.025894097727092,6.6923076923076925,3.91025641025641,1.6664135945806007,67.0,High
Andrew Wiggins,SF/PF,SF,32.72,6400,MIA,ATL,away,124.0,31.0,0.9904,20.3,0.0,0.9904,0.9767463093887094,1.069197884166404,1.1124512804154747,104.2,1.0,False,4.18,0.9,1.04,39.15418024851559,8.73615,52.3,30.4,21.9,0.336,52.2,15.6,mid,8.38,0.222,15.23,5.91,0.602,Scoring Wing,6.1178406638305605,8.171874999999998,4.749999999999999,2.054034336169439,36.0,High
Michael Porter,PF/SF,SF,33.38,8200,BKN,OKC,home,99.0,39.37,1.204,30.3,0.0,1.204,1.0257305829333614,0.996646647921886,0.9139712164756272,87.5,1.0,False,4.08,0.86,1.036,38.90268784386651,13.43,59.0,25.5,33.5,0.517,65.5,15.4,mid_high,13.685,0.344,11.63,4.76,0.062,3-and-D Wing,4.74423022486177,7.195121951219513,3.1097560975609757,2.4508917263577428,81.0,Star
Ryan Kalkbrenner,C,C,37.41,4300,CHA,CLE,home,111.5,21.63,0.9364,11.9,0.0,0.9364,1.013829627125707,1.0295779172869657,1.020728437847381,91.7,1.0,False,5.62,0.771,1.0271,38.33506946361747,10.78,54.5,27.6,26.9,0.422,39.8,2.0,value,9.982,0.27,19.55,9.3,1.293,Traditional Big,8.915132433399412,12.674418604651164,6.418604651162791,3.759286171251751,7.0,Punt
Dyson Daniels,SG/PG,SF,35.22,6800,ATL,MIA,home,120.5,33.15,0.9866,16.3,0.8860144699591067,1.024139835168292,1.032279972832943,0.960035322947068,1.0290411724213613,112.5,1.0,False,4.45,0.9,1.04,38.255987376074586,10.7698428,54.4,27.5,26.9,0.422,56.2,11.9,mid,10.98,0.271,16.31,5.95,0.612,3-and-D Wing,5.625880496481557,8.0,4.044117647058823,2.3741195035184433,44.0,High
Toumani Camara,SF/PF,PF,39.9,5600,POR,DEN,away,121.0,25.68,0.7689,16.0,2.060310793784124,0.8382075674086519,0.9803800865104084,1.0053957866857148,1.0982171799027551,116.7,1.0,False,4.33,0.9,1.04,37.65109296980878,8.8,50.9,28.9,22.0,0.352,41.1,5.3,mid,8.80425,0.227,15.66,6.94,0.881,Stretch 4,6.723409458894425,9.089285714285715,5.160714285714286,2.365876255391289,25.0,Mid
Kyle Kuzma,SF/PF,SF,39.07,5900,MIL,NO,home,109.5,24.05,0.8974,21.5,4.713657957244656,1.0351221235154393,0.9684667370209344,0.9674718271459192,0.9425316455696204,104.2,1.0,False,5.94,0.811,1.0311,36.826018388513376,10.516709,52.6,26.3,26.3,0.428,60.5,1.2,mid,10.7,0.234,18.45,7.76,1.103,Scoring Wing,6.241698031951419,8.915254237288135,4.4576271186440675,2.673556205336716,34.0,Mid
Bam Adebayo,C/PF,C,27.22,8200,MIA,ATL,away,124.0,37.68,1.2,24.1,0.0,1.2,0.9767463093887094,1.0033965757518666,1.1124512804154747,100.0,1.0,False,5.43,0.826,1.0326,36.77366211710709,10.839738,53.0,25.9,27.1,0.441,59.3,3.2,mid_high,10.92,0.291,11.2,4.58,0.022,Stretch 5,4.484592941110621,6.463414634146342,3.158536585365854,1.9788216930357214,86.0,Star
Ace Bailey,SG/SF,SF,31.47,5900,UTA,MEM,home,117.5,21.53,0.8186,19.3,7.474193200215868,1.040509957906098,1.0232536906112906,1.0178062823693017,1.0385815721676477,102.1,1.0,False,7.79,0.668,1.0168,36.01368658748735,11.09,52.6,24.9,27.700000000000003,0.461,42.4,3.9,mid,11.086,0.307,14.55,6.12,0.659,Scoring Wing,6.104014675845313,8.915254237288135,4.220338983050847,2.811239561442822,37.0,Mid
Rudy Gobert,C,C,27.86,6100,MIN,DAL,away,127.0,32.47,1.0374,12.7,0.0,1.0374,1.0030064809359482,1.06283105581567,1.1224409340533406,112.5,1.0,False,4.76,0.9,1.04,35.966002218710415,10.890435,52.3,25.1,27.2,0.454,52.2,10.0,mid,10.63,0.307,13.95,5.67,0.537,Traditional Big,5.896065937493511,8.573770491803279,4.114754098360656,2.6777045543097677,40.0,High
Vince Williams,SG/PG,PG,27.62,4100,UTA,MEM,home,117.5,20.18,0.9702,19.3,7.474193200215868,1.2332064025903935,1.0232536906112906,0.9823599899272336,1.0385815721676477,79.2,1.0,False,,0.61,1.011,35.9505218500279,17.303978400000002,61.9,18.6,43.3,0.722,,,value,17.25,0.462,18.56,9.26,1.284,Playmaker,8.768419963421438,15.097560975609756,4.536585365853659,6.329141012188318,9.0,Punt
Zion Williamson,PF,PF,25.3,7500,NO,MIL,away,114.0,36.67,1.2347,27.4,0.0,1.2347,1.0535780459189796,1.037080810938325,1.0101001889975003,83.3,1.0,False,4.35,0.82,1.032,35.57995790739824,10.755016,51.7,24.8,26.9,0.453,59.6,7.8,mid_high,10.55,0.299,10.51,4.7,0.049,Versatile Big,4.743994387653099,6.8933333333333335,3.3066666666666666,2.149338945680235,82.0,High
Pelle Larsson,SF/SG,SF,39.64,4200,MIA,ATL,away,124.0,20.41,0.854,16.3,0.0,0.854,0.9767463093887094,0.945857884166404,1.1124512804154747,93.8,1.0,False,7.62,0.639,1.0139,35.27567290653148,11.6619536,52.8,23.6,29.2,0.497,49.4,0.0,value,11.54,0.311,18.83,9.17,1.261,3-and-D Wing,8.398969739650353,12.57142857142857,5.6190476190476195,4.172458831778218,12.0,Punt
Derik Queen,PF/C,C,26.48,6300,NO,MIL,away,114.0,30.29,1.165,21.5,0.0,1.165,1.0535780459189796,1.037237754035402,1.0101001889975003,114.6,1.0,False,6.83,0.799,1.0299,35.07102388516406,12.346839999999998,53.6,22.7,30.9,0.528,65.0,3.6,mid,12.1,0.348,14.02,5.52,0.496,Versatile Big,5.56682918812128,8.507936507936508,3.6031746031746033,2.941107319815229,48.0,High
Kon Knueppel,SF/SG,SF,33.82,7100,CHA,CLE,home,111.5,31.2,0.972,22.1,0.0,0.972,1.013829627125707,0.9887696480394484,1.020728437847381,114.6,1.0,False,5.34,0.9,1.04,34.981910717008624,11.65,52.5,23.3,29.2,0.501,50.5,6.1,mid_high,11.6495,0.327,10.63,5.02,0.121,Combo Guard,4.927029678451919,7.394366197183099,3.2816901408450705,2.4673365187311798,73.0,High
Norman Powell,SF/SG,SG,27.22,7000,MIA,ATL,away,124.0,33.42,1.0922,27.2,0.0,1.0922,0.9767463093887094,1.03078259137165,1.1124512804154747,93.8,1.0,False,3.63,0.9,1.04,34.630079357774434,8.855457,47.9,25.8,22.1,0.383,49.9,10.1,mid_high,8.61,0.253,10.26,4.92,0.098,Playmaker,4.947154193967776,6.8428571428571425,3.685714285714286,1.8957029488893664,70.0,High
Onyeka Okongwu,C/PF,C,26.97,7000,ATL,MIA,home,120.5,34.54,1.0862,20.4,1.1088770053475936,1.127529585404215,1.032279972832943,1.024979315607425,1.0290411724213613,106.2,1.0,False,4.86,0.898,1.0398,34.42738689766642,10.36,50.0,24.1,25.9,0.452,59.2,12.0,mid_high,10.36,0.288,10.71,5.13,0.145,Stretch 5,4.9181981282380605,7.142857142857143,3.442857142857143,2.2246590146190823,74.0,High
Isaiah Hartenstein,C,C,24.7,6200,OKC,BKN,away,116.5,30.64,1.1922,17.3,3.0090665727368795,1.3373552842550194,1.0079279195405082,1.0181848521039023,0.98553251730746,62.5,1.0,False,5.0,0.67,1.017,33.97752724502087,11.73,51.6,22.2,29.4,0.519,70.3,11.5,mid,10.1904,0.331,14.3,5.72,0.55,Versatile Big,5.4802463298420765,8.32258064516129,3.5806451612903225,2.842334315319214,50.0,High
Jonas Valanciunas,C,C,20.68,4100,DEN,POR,home,119.5,18.69,1.289,25.5,4.387555336940481,1.4442506345302506,0.9684667370209344,1.1166900478882162,1.0273044661074586,91.7,1.0,False,,0.673,1.0173,33.7565983855791,15.3729,56.8,18.4,38.4,0.683,,,value,14.325,0.432,16.39,8.18,1.017,Traditional Big,8.233316679409539,13.853658536585366,4.487804878048781,5.620341857175828,13.0,Punt
John Konchar,SF,SF,27.22,3800,UTA,MEM,home,117.5,13.32,0.8821,8.7,3.369195898542904,1.1212238381003776,1.0232536906112906,1.0210262823693017,1.0385815721676477,70.8,1.0,False,6.12,0.631,1.0131,33.55008405296298,14.017022,54.6,19.5,35.1,0.627,33.9,0.0,punt,9.809499999999998,0.414,23.71,8.83,3.205,3-and-D Wing,8.828969487621837,14.36842105263158,5.131578947368421,5.539451565009743,8.0,Punt
Nickeil Alexander-Walker,SG/PG,SG,27.74,7200,ATL,MIA,home,120.5,33.17,0.9991,24.4,1.3263038691412394,1.0371154564328406,1.032279972832943,1.0538268513985294,1.0290411724213613,114.6,1.0,False,3.5,0.9,1.04,33.49395373310656,9.875331,48.3,23.6,24.7,0.442,57.3,13.4,mid_high,9.54,0.296,9.62,4.48,0.0,Playmaker,4.651938018487022,6.708333333333333,3.2777777777777777,2.056395314846311,84.0,High
Ben Sheppard,SG/PG,SG,40.0,3900,IND,WAS,home,114.5,14.22,0.6614,13.2,4.099013282732448,0.8051697855787475,0.9920720804594916,1.0285247539178402,0.9806611217743656,93.8,1.0,False,7.01,0.683,1.0183,32.81709533252797,8.645309,45.8,24.2,21.6,0.396,36.6,1.0,punt,7.9,0.339,17.73,6.43,2.062,Combo Guard,8.414639828853327,11.743589743589743,6.205128205128205,3.3289499147364174,11.0,Punt
Kevin Porter,PG/SG,SG,27.74,9300,MIL,NO,home,109.5,39.54,1.1733,24.6,5.393301662707838,1.3533639263657955,0.9684667370209344,1.0025971033803929,0.9425316455696204,58.3,0.95,True,6.75,0.524,1.0024,32.718456793980884,12.12,50.9,20.6,30.3,0.556,59.8,3.2,stud,12.38,0.28,11.76,4.65,0.53,Combo Guard,3.518113633761385,5.473118279569892,2.21505376344086,1.9550046458085069,114.0,Star
Taylor Hendricks,PF,PF,25.3,4100,MEM,UTA,away,120.0,11.94,0.7654,14.5,8.889027702335685,1.09385263878327,1.0535780459189796,1.0459739660273102,1.054371144390955,77.1,1.0,False,6.87,0.609,1.0109,32.506382094371354,10.523018,48.3,22.0,26.3,0.486,39.0,0.0,value,8.58545,0.311,16.27,8.11,1.0,Stretch 4,7.92838587667594,11.78048780487805,5.365853658536586,3.8521019282021083,15.0,Punt
Kris Dunn,PG/SG,PG,40.0,7500,LAC,LAL,home,109.5,20.15,0.7327,13.2,1.4032432432432431,0.7872234414414415,1.0473806170088569,0.9780891038506414,0.9681967539579808,114.6,1.0,False,5.53,0.892,1.0392,32.456652275520995,7.0127728000000005,43.0,25.4,17.6,0.325,33.9,2.4,mid_high,7.12,0.205,10.33,4.62,0.031,3-and-D Wing,4.327553636736132,5.733333333333333,3.3866666666666663,1.4057796965972007,90.0,High
Davion Mitchell,PG,PG,32.77,4800,MIA,ATL,away,124.0,24.5,0.8478,13.6,0.0,0.8478,0.9767463093887094,1.0345296078143684,1.1124512804154747,95.8,1.0,False,4.8,0.85,1.035,32.323315931101604,8.957127,45.8,23.4,22.4,0.417,49.2,2.9,value,8.66,0.355,12.14,5.17,0.275,Playmaker,6.734024152312834,9.541666666666666,4.875,2.807642514353832,24.0,Mid
Austin Reaves,SG/SF,SG,26.77,16000,LAL,LAC,away,116.0,40.6,1.2119,29.1,0.0,1.2119,0.9978793507075856,1.0138519407166404,1.0054468269524364,58.3,0.95,True,7.03,0.504,1.0004,31.363471389598413,11.28,48.3,20.1,28.2,0.54,81.7,15.7,stud,14.18175,0.362,8.48,1.95,-0.359,Combo Guard,1.9602169618499008,3.01875,1.25625,1.058533038150099,188.0,Star
Jerami Grant,PF/SF,PF,25.3,6100,POR,DEN,away,121.0,28.7,0.9863,24.8,3.1934817303653924,1.0752036984460311,0.9803800865104084,1.0473957866857149,1.0982171799027551,83.3,1.0,False,5.82,0.715,1.0215,31.335972603462213,10.9037225,47.7,20.4,27.300000000000004,0.522,46.8,5.9,mid,10.255499999999998,0.342,12.51,5.09,0.379,Scoring Wing,5.137044689092167,7.819672131147542,3.3442622950819674,2.6826274420553755,63.0,High
Justin Champagnie,SF/PF,SF,25.3,5500,WAS,IND,away,116.0,20.01,1.0368,15.7,2.177594568380213,1.1374631231813772,0.9861703728742928,1.0433727782880124,1.034947937331775,104.2,1.0,False,7.81,0.677,1.0177,31.188003726527214,13.430544,51.3,17.8,33.5,0.645,45.7,0.0,mid,13.075499999999998,0.429,12.28,5.54,0.501,3-and-D Wing,5.670546132095857,9.327272727272726,3.2363636363636363,3.65672659517687,43.0,Mid
Kevin Love,PF,PF,20.68,3800,UTA,MEM,home,117.5,17.63,1.025,16.8,6.506033459255263,1.3028618456556933,1.0232536906112906,1.0662833070921605,1.0385815721676477,60.4,1.0,False,5.54,0.621,1.0121,30.90073913588981,15.217813,53.7,15.7,38.0,0.738,42.7,1.2,punt,10.2465,0.485,21.38,7.96,2.79,Versatile Big,8.131773456813109,14.131578947368423,4.131578947368421,5.999805490555314,14.0,Punt
Jaden McDaniels,SF/PF,SF,29.66,6200,MIN,DAL,away,127.0,28.81,0.8975,18.0,0.0,0.8975,1.0030064809359482,0.9751187536827156,1.1224409340533406,112.5,1.0,False,6.04,0.845,1.0345,30.23157987658893,10.6584016,46.2,19.6,26.6,0.528,47.2,2.7,mid,10.78,0.453,9.58,3.84,0.041,Scoring Wing,4.876061270417569,7.451612903225807,3.1612903225806455,2.5755516328082373,76.0,High
Naz Reid,C/PF,C,20.47,6000,MIN,DAL,away,127.0,29.73,1.1347,21.8,0.0,1.1347,1.0030064809359482,1.08740105581567,1.1224409340533406,116.7,1.0,False,4.52,0.9,1.04,29.572580515676577,10.4309205,45.2,19.1,26.1,0.528,46.7,3.0,mid,10.01,0.384,10.49,4.34,0.176,Stretch 5,4.92876341927943,7.533333333333334,3.1833333333333336,2.6045699140539043,72.0,Mid
Donovan Clingan,C,C,20.68,7600,POR,DEN,away,121.0,33.15,1.2011,15.6,2.008803023939521,1.3093654691306176,0.9803800865104084,0.9740496160945088,1.0982171799027551,108.3,1.0,False,4.65,0.9,1.04,29.533067038956297,11.0169638,46.1,18.5,27.6,0.561,64.1,9.8,mid_high,12.427,0.353,9.46,4.18,-0.067,Stretch 5,3.8859298735468815,6.065789473684211,2.4342105263157894,2.1798596001373296,99.0,High
Jarace Walker,PF/SF,SF,25.29,6000,IND,WAS,home,114.5,20.97,0.8701,20.7,6.427998102466794,1.0592353045540797,0.9920720804594916,1.0913482094939089,0.9806611217743656,114.6,1.0,False,6.33,0.835,1.0335,29.39525850145553,10.448785,45.1,18.9,26.200000000000003,0.534,45.7,3.2,mid,9.89,0.291,13.67,5.66,0.534,Scoring Wing,4.899209750242588,7.516666666666667,3.15,2.6174569164240786,75.0,Mid
Daniel Gafford,C,C,23.4,5400,DAL,MIN,home,112.5,22.15,1.035,14.3,3.7932308791994287,1.2271815225160827,1.0021206492924144,1.0108009576296075,0.9814931689931692,79.2,1.0,False,5.75,0.7,1.02,29.120429348313504,11.06,45.7,18.1,27.6,0.569,52.0,1.2,mid,10.76,0.365,12.22,5.61,0.52,Traditional Big,5.392672101539538,8.462962962962964,3.351851851851852,3.0702908614234254,51.0,Mid
Saddiq Bey,SF/PF,PF,27.22,6400,NO,MIL,away,114.0,29.43,0.9649,20.8,0.0,0.9649,1.0535780459189796,0.998300810938325,1.0101001889975003,102.1,1.0,False,5.17,0.855,1.0355,28.89436264153136,11.52,46.2,17.4,28.800000000000004,0.599,50.3,3.4,mid,11.52,0.387,12.0,4.65,0.26,Stretch 4,4.514744162739275,7.21875,2.7187499999999996,2.7040058372607256,85.0,High
Ayo Dosunmu,SG/PG,SG,23.78,5100,MIN,DAL,away,127.0,25.88,0.9766,20.8,0.0,0.9766,1.0030064809359482,1.0540805672366018,1.1224409340533406,100.0,1.0,False,5.21,0.842,1.0342,28.50192193601459,9.832680000000002,43.3,18.7,24.6,0.519,53.1,9.4,mid,9.55,0.322,11.96,5.82,0.577,Playmaker,5.588612144316587,8.490196078431373,3.666666666666667,2.901583934114786,47.0,Mid
Herbert Jones,SF/PF,SG,34.08,4500,NO,MIL,away,114.0,22.12,0.7681,15.0,0.0,0.7681,1.0535780459189796,1.002017038314892,1.0101001889975003,68.8,1.0,False,6.51,0.593,1.0093,28.17370063076197,11.67,45.7,16.5,29.200000000000003,0.622,52.1,5.7,value,10.67,0.411,13.89,6.31,0.556,3-and-D Wing,6.260822362391549,10.155555555555557,3.6666666666666665,3.894733193164007,33.0,Punt
Jericho Sims,C,C,37.41,3900,MIL,NO,home,109.5,10.36,0.6599,9.0,1.973159144893112,0.7611734893111639,0.9684667370209344,1.089032909594636,0.9425316455696204,81.2,1.0,False,10.06,0.406,0.9906,28.040860662404004,12.8619075,47.3,15.2,32.099999999999994,0.687,34.0,-0.8,punt,9.65,0.364,24.0,8.7,3.143,Traditional Big,7.1899642724112836,12.128205128205128,3.8974358974358974,4.938240855793844,20.0,Punt
Tyus Jones,PG,PG,35.36,3700,DAL,MIN,home,112.5,10.17,0.6437,9.8,2.5995568263045032,0.7632239092208721,1.0021206492924144,1.0259873884828177,0.9814931689931692,106.2,1.0,False,6.55,0.777,1.0277,27.988517457414567,6.71,38.1,21.3,16.8,0.361,34.3,0.0,punt,6.71,0.234,20.24,7.74,2.686,Playmaker,7.564464177679612,10.297297297297296,5.756756756756757,2.732833119617685,16.0,Punt
Bilal Coulibaly,SF/PF,SG,24.65,5100,WAS,IND,away,116.0,24.68,0.9243,17.3,2.3995150339476234,1.0140404752667314,0.9861703728742928,1.038664485375696,1.034947937331775,70.8,1.0,False,5.11,0.703,1.0203,27.03621161219406,11.510428,44.3,15.5,28.8,0.639,42.6,5.4,mid,11.4885,0.429,10.53,5.12,0.388,3-and-D Wing,5.301217963175306,8.686274509803921,3.03921568627451,3.3850565466286158,54.0,Mid
Kyle Filipowski,PF/C,C,17.17,6900,UTA,MEM,home,117.5,22.94,1.038,18.3,7.086929303831626,1.3193859471127902,1.0232536906112906,1.083603193521439,1.0385815721676477,114.6,1.0,False,7.59,0.745,1.0245,26.726883491939876,14.015982500000002,47.8,12.7,35.099999999999994,0.788,51.6,3.9,mid,13.7655,0.512,10.54,3.79,0.027,Stretch 5,3.87346137564346,6.927536231884057,1.8405797101449273,3.054074856240597,100.0,High
Julian Strawther,SF,SF,25.98,4000,DEN,POR,home,119.5,11.8,0.8369,19.6,3.3723954746679783,0.9376984918839154,0.9684667370209344,1.093815591489212,1.0273044661074586,68.8,1.0,False,8.32,0.464,0.9964,26.415818864492856,11.221956,43.2,15.2,28.000000000000004,0.635,33.5,-0.8,value,9.645499999999998,0.419,12.2,6.24,0.539,3-and-D Wing,6.603954716123214,10.8,3.8,4.196045283876787,26.0,Punt
Donte DiVincenzo,SG/PG,SG,23.95,5500,MIN,DAL,away,127.0,28.4,0.9103,17.0,0.0,0.9103,1.0030064809359482,1.034760567236602,1.1224409340533406,116.7,1.0,False,4.76,0.9,1.04,26.41377692500305,8.695248000000001,39.5,17.7,21.8,0.495,51.2,9.8,mid,8.56,0.456,7.56,3.41,-0.076,Combo Guard,4.8025048954551,7.181818181818182,3.2181818181818183,2.379313286363082,77.0,Mid
Christian Braun,SG/SF,SG,34.86,4900,DEN,POR,home,119.5,21.14,0.6931,14.3,2.46047220855878,0.776578832267585,0.9684667370209344,1.0892250058997035,1.0273044661074586,41.7,0.9,True,6.02,0.493,0.9993,26.384739849364152,11.727159,44.0,14.7,29.3,0.668,40.1,5.8,value,9.31125,0.443,12.05,5.03,0.24,3-and-D Wing,5.38464078558452,8.979591836734693,2.9999999999999996,3.594951051150173,53.0,Mid
Tre Johnson,SG/PG,SG,27.74,5200,WAS,IND,away,116.0,20.61,0.831,21.3,2.954316197866149,0.9116819592628516,0.9861703728742928,0.996104485375696,1.034947937331775,85.4,1.0,False,5.33,0.761,1.0261,26.38243369326177,8.41,39.0,18.0,21.0,0.478,34.9,6.5,mid,8.0155,0.316,10.72,5.11,0.385,Playmaker,5.073544941011879,7.5,3.4615384615384612,2.426455058988121,66.0,Mid
Moussa Cisse,C,C,20.68,3700,DAL,MIN,home,112.5,12.9,1.075,13.5,3.5810221586847746,1.2746088277340957,1.0021206492924144,1.0108009576296075,0.9814931689931692,62.5,1.0,False,6.48,0.564,1.0064,26.37369756435551,14.21,47.7,12.2,35.5,0.809,39.3,-1.0,punt,11.09,0.518,19.41,7.42,2.533,Traditional Big,7.128026368744732,12.891891891891891,3.297297297297297,5.76386552314716,21.0,Punt
Jarrett Allen,C/PF,C,20.68,7400,CLE,CHA,away,117.0,31.96,1.1707,18.9,1.6146470411534992,1.2407098996695705,1.0131931112977746,0.9643236241395248,1.0074321503131525,91.7,1.0,False,4.13,0.878,1.0378,26.20989549845209,9.7838064,40.9,16.4,24.5,0.56,85.9,13.1,mid_high,11.4136,0.353,8.44,3.83,-0.145,Traditional Big,3.5418777700610935,5.527027027027026,2.216216216216216,1.9851492569659333,113.0,High
Ryan Nembhard,PG,PG,26.02,3600,DAL,MIN,home,112.5,15.71,0.8356,18.0,4.7746962115797,0.9907564060042888,1.0021206492924144,1.0259873884828177,0.9814931689931692,79.2,1.0,False,8.41,0.51,1.001,26.04099496941392,12.07,44.1,14.0,30.1,0.693,46.6,-2.0,punt,10.29,0.453,18.83,7.4,2.524,Playmaker,7.233609713726088,12.25,3.888888888888889,5.016390286273912,19.0,Punt
John Collins,PF/C,PF,25.3,10200,LAC,LAL,home,109.5,25.04,0.8943,18.8,1.9985585585585588,0.9608488108108107,1.0473806170088569,1.0111067946131689,0.9681967539579808,108.3,1.0,False,4.64,0.9,1.04,25.92233394204738,9.12,39.6,16.8,22.8,0.528,56.9,9.5,stud,9.12,0.347,7.14,2.57,-0.155,Stretch 4,2.541405288436018,3.882352941176471,1.647058823529412,1.3409476527404531,161.0,Star
Vladislav Goldin,C,C,19.66,3500,MIA,ATL,away,124.0,5.6,1.4,10.1,0.0,1.4,0.9767463093887094,1.0225765757518666,1.1124512804154747,4.2,0.85,True,4.24,0.432,0.9932,25.818190742826108,15.09,48.5,10.7,37.8,0.879,9.7,1.5,punt,5.8,0.559,19.07,7.71,2.671,Traditional Big,7.376625926521745,13.857142857142858,3.057142857142857,6.480516930621112,17.0,Punt
Khris Middleton,SG/SF,PF,24.03,4400,DAL,MIN,home,112.5,21.18,0.8788,19.7,5.225639742673338,1.0419778956397427,1.0021206492924144,1.008850298694458,0.9814931689931692,75.0,1.0,False,3.86,0.814,1.0314,25.625563444163507,9.54,39.9,16.1,23.8,0.557,44.7,7.9,value,8.48,0.366,12.73,5.92,0.46,Scoring Wing,5.823991691855342,9.068181818181817,3.659090909090909,3.244190126326475,41.0,Punt
Aaron Wiggins,SF/PF,SF,23.27,5200,OKC,BKN,away,116.5,21.0,0.8824,19.5,3.391722437477986,0.9898358520605848,1.0079279195405082,1.0659551360307054,0.98553251730746,85.4,1.0,False,6.32,0.69,1.019,24.85267309690552,9.6653655,39.4,15.2,24.2,0.585,45.8,0.2,mid,9.2928,0.41,9.12,4.35,0.179,Combo Guard,4.779360210943369,7.576923076923077,2.923076923076923,2.7975628659797076,79.0,Mid
Jared McCain,SG/PG,SG,27.62,3900,OKC,BKN,away,116.5,12.72,0.7527,19.0,3.3047551954913708,0.8443443402606552,1.0079279195405082,1.0651508026581846,0.98553251730746,85.4,1.0,False,8.04,0.567,1.0067,24.8401876311244,10.124131500000004,40.0,14.7,25.3,0.61,41.3,0.0,punt,8.5008,0.409,16.78,6.09,1.9,Combo Guard,6.369278879775488,10.256410256410257,3.769230769230769,3.8871313766347693,29.0,Punt
Zaccharie Risacher,SF/PF,SF,27.22,4000,ATL,MIA,home,120.5,19.95,0.821,18.2,0.9892922302610884,0.852238804655552,1.032279972832943,0.960035322947068,1.0290411724213613,89.6,1.0,False,4.15,0.866,1.0366,24.52325397307569,8.631568,37.5,15.9,21.6,0.529,37.0,1.0,value,8.35,0.339,12.68,6.48,0.598,3-and-D Wing,6.130813493268922,9.375,3.975,3.2441865067310776,35.0,Punt
Javon Small,PG,PG,16.98,4100,MEM,UTA,away,120.0,14.14,0.949,19.3,11.831602390005427,1.3562400760456272,1.0535780459189796,1.0732628114085736,1.054371144390955,41.7,0.9,True,7.32,0.4,0.99,24.46348180657205,11.578359,41.8,12.9,28.9,0.709,38.2,0.0,value,10.1803,0.461,11.82,5.9,0.455,Playmaker,5.96670287965172,10.195121951219512,3.1463414634146347,4.228419071567792,39.0,Punt
Tre Mann,SG/PG,PG,27.62,3800,CHA,CLE,home,111.5,13.51,0.8391,23.2,0.0,0.8391,1.013829627125707,0.9962150875254852,1.020728437847381,72.9,1.0,False,7.58,0.537,1.0037,23.981129109525597,12.6742528,43.0,11.3,31.7,0.793,40.3,0.0,punt,10.925,0.51,17.7,6.59,2.138,Playmaker,6.310823449875158,11.31578947368421,2.973684210526316,5.004966023809054,31.0,Punt
Bub Carrington,PG,PG,27.07,4800,WAS,IND,away,116.0,21.15,0.7554,17.6,2.4411251212415133,0.8287419398642094,0.9861703728742928,1.0128189252144193,1.034947937331775,112.5,1.0,False,6.83,0.789,1.0289,23.86069024284205,9.13,37.6,14.7,22.9,0.576,46.2,4.7,value,9.131,0.366,12.21,5.2,0.282,Playmaker,4.970977133925428,7.833333333333334,3.0625,2.8623561994079068,69.0,Mid
Rui Hachimura,SF/PF,PF,35.19,5400,LAL,LAC,away,116.0,19.25,0.6438,15.3,0.0,0.6438,0.9978793507075856,1.0133418756511394,1.0054468269524364,91.7,1.0,False,6.07,0.739,1.0239,23.584187329040063,7.67,35.1,15.9,19.200000000000003,0.488,38.3,1.2,mid,7.5063,0.327,9.43,4.34,0.176,Combo Guard,4.367442097970382,6.5,2.944444444444444,2.132557902029618,88.0,Mid
Tidjane Salaun,PF,PF,25.3,3700,CHA,CLE,home,111.5,14.06,0.8733,14.9,0.0,0.8733,1.013829627125707,1.0236840630377508,1.020728437847381,68.8,1.0,False,,0.558,1.0058,23.541641820269117,17.11,49.2,6.4,42.8,1.09,,,punt,17.25,0.72,16.8,6.42,2.057,3-and-D Wing,6.362605897370031,13.297297297297298,1.7297297297297298,6.934691399927266,30.0,Punt
Deandre Ayton,C,C,23.01,8100,LAL,LAC,away,116.0,28.15,0.9982,17.1,0.0,0.9982,0.9978793507075856,0.9906534537834428,1.0054468269524364,95.8,1.0,False,5.76,0.782,1.0282,23.47311277888005,8.8169462,36.7,14.7,22.000000000000004,0.563,59.1,8.0,mid_high,12.8925,0.353,7.54,3.12,-0.304,Traditional Big,2.897915157886426,4.530864197530865,1.8148148148148149,1.6329490396444386,143.0,Star
Jaylen Wells,SG/SF,SF,17.05,4400,MEM,UTA,away,120.0,20.33,0.7586,19.1,11.708995111352523,1.084134585551331,1.0535780459189796,1.0920892174213628,1.054371144390955,108.3,1.0,False,3.56,0.9,1.04,23.321649566054383,7.739878,34.9,15.6,19.3,0.496,35.8,3.4,value,7.057449999999999,0.322,10.72,4.98,0.228,Combo Guard,5.300374901375996,7.931818181818181,3.545454545454545,2.631443280442185,55.0,Punt
Kam Jones,SG/PG,SG,40.0,4000,IND,WAS,home,114.5,6.95,0.5792,13.1,4.067960151802657,0.7051018140417458,0.9920720804594916,1.0285247539178402,0.9806611217743656,39.6,0.85,True,11.81,0.198,0.9698,23.26429322000087,9.620573,37.7,13.6,24.1,0.621,30.2,0.0,value,7.74,0.437,10.6,5.42,0.337,Combo Guard,5.816073305000217,9.425,3.4,3.6089266949997834,42.0,Punt
Dennis Schroder,PG/SG,PG,23.08,4300,CLE,CHA,away,117.0,24.65,0.9591,22.6,1.93074196455392,1.0164558510063082,1.0131931112977746,0.950236672762307,1.0074321503131525,93.8,1.0,False,,0.683,1.0183,23.170739276540232,12.8076894,42.4,10.4,32.0,0.83,,,value,13.2,0.523,12.29,5.85,0.443,Playmaker,5.388544017800054,9.86046511627907,2.418604651162791,4.471921098479016,52.0,Punt
Riley Minix,SF,PF,12.07,3500,CLE,CHA,away,117.0,5.19,1.9222,31.6,2.699621507960348,2.037150908981676,1.0131931112977746,1.071870372040099,1.0074321503131525,6.2,0.85,True,1.73,0.531,1.0031,22.93738634520435,13.345086,43.0,9.6,33.4,0.875,13.2,1.2,punt,6.0192,0.576,15.69,6.34,2.019,3-and-D Wing,6.553538955772671,12.285714285714286,2.742857142857143,5.732175329941614,28.0,Punt
Luguentz Dort,SF/SG,PF,27.54,4000,OKC,BKN,away,116.5,18.46,0.6664,13.9,2.417689327227897,0.7475369580838322,1.0079279195405082,1.0696040630377506,0.98553251730746,93.8,1.0,False,6.26,0.736,1.0236,22.38980749761833,7.882434,34.2,14.5,19.700000000000003,0.527,36.6,1.7,value,7.3656,0.35,10.57,5.4,0.332,Combo Guard,5.597451874404583,8.55,3.625,2.952548125595418,46.0,Punt
P.J. Washington,PF/SF,PF,18.81,6600,DAL,MIN,home,112.5,30.25,0.9853,21.1,5.597005003573981,1.1682530957827018,1.0021206492924144,1.0089202986944577,0.9814931689931692,81.2,1.0,False,,0.62,1.012,22.06837732170221,11.48,39.3,10.6,28.7,0.781,,,mid,15.0,0.512,9.04,3.4,-0.079,Stretch 4,3.3436935335912445,5.954545454545454,1.6060606060606062,2.61085192095421,120.0,High
Noah Clowney,PF,PF,27.38,5400,BKN,OKC,home,99.0,23.44,0.8312,20.7,0.0,0.8312,1.0257305829333614,0.9975125097458682,0.9139712164756272,100.0,1.0,False,5.87,0.795,1.0295,21.910359502904672,11.27,38.8,10.6,28.2,0.771,44.3,5.7,mid,11.362,0.512,8.87,4.08,0.106,Stretch 4,4.057473982019384,7.185185185185184,1.9629629629629628,3.1277112031658008,94.0,Mid
Cameron Johnson,SF/PF,PF,25.3,4400,DEN,POR,home,119.5,21.57,0.7049,15.0,2.580914904082636,0.7898000560747663,0.9684667370209344,1.0866100549927349,1.0273044661074586,66.7,1.0,False,6.96,0.551,1.0051,21.712236409502317,9.439808,35.9,12.3,23.6,0.653,42.7,5.6,value,8.3658,0.432,10.15,4.72,0.164,Combo Guard,4.934599183977799,8.159090909090908,2.7954545454545454,3.224491725113109,71.0,Punt
Derrick Jones,SF/PF,SF,27.77,6000,LAC,LAL,home,109.5,20.02,0.7944,15.5,1.647747747747748,0.8535148108108107,1.0473806170088569,0.9716740547576102,0.9681967539579808,47.9,0.9,True,5.97,0.527,1.0027,21.076050337145382,8.5295804,33.9,12.5,21.4,0.608,32.8,5.6,mid,8.36,0.391,8.94,3.7,0.003,3-and-D Wing,3.512675056190897,5.6499999999999995,2.0833333333333335,2.137324943809103,115.0,Mid
AJ Green,SG,SG,32.3,3800,MIL,NO,home,109.5,18.12,0.6,13.4,2.937814726840855,0.6920807600950118,0.9684667370209344,1.0025971033803929,0.9425316455696204,102.1,1.0,False,6.36,0.77,1.027,21.010521740034054,7.26,31.9,13.8,18.1,0.518,36.0,2.0,punt,7.26,0.291,17.64,6.57,2.129,Combo Guard,5.529084668430015,8.394736842105264,3.6315789473684212,2.8656521736752487,49.0,Punt
Bobby Portis,PF/C,PF,17.17,6900,MIL,NO,home,109.5,24.82,1.0214,22.6,4.954821852731592,1.178152147268409,0.9684667370209344,1.0842006240219626,0.9425316455696204,106.2,1.0,False,6.6,0.774,1.0274,20.568448715861805,10.276792,36.0,10.3,25.7,0.75,46.4,6.4,mid,9.76,0.378,10.41,3.74,0.014,Stretch 4,2.9809345965017107,5.217391304347826,1.4927536231884058,2.236456707846115,137.0,High
PJ Washington,PF/SF,PF,18.81,6600,DAL,MIN,home,112.5,30.25,0.9853,21.1,5.597005003573981,1.1682530957827018,1.0021206492924144,0.9375202986944576,0.9814931689931692,81.2,1.0,False,,0.62,1.012,20.50662646506025,10.994396,37.0,9.5,27.5,0.804,,,mid,15.0,0.512,9.04,3.4,-0.079,3-and-D Wing,3.10706461591822,5.606060606060606,1.4393939393939394,2.4989959901423866,129.0,High
Dean Wade,PF/SF,PF,24.18,3800,CLE,CHA,away,117.0,16.49,0.7264,9.9,0.8457674977470712,0.7698399855812557,1.0131931112977746,1.032180372040099,1.0074321503131525,91.7,1.0,False,5.83,0.756,1.0255999999999998,20.113998083455527,7.856487,31.9,12.3,19.6,0.586,32.1,1.4,punt,7.145599999999999,0.383,14.29,5.32,1.533,Stretch 4,5.293157390383033,8.394736842105264,3.2368421052631584,3.1015794517222295,56.0,Punt
Cason Wallace,SG/PG,SG,21.68,5100,OKC,BKN,away,116.5,21.42,0.7993,13.8,2.400295878830575,0.896618083127862,1.0079279195405082,1.0020808026581849,0.98553251730746,110.4,1.0,False,5.24,0.892,1.0392,20.10800966202926,8.32,32.6,11.8,20.8,0.621,42.8,3.0,mid,8.315999999999999,0.488,6.87,3.34,-0.095,3-and-D Wing,3.942746992554757,6.392156862745098,2.3137254901960786,2.4494098701903413,97.0,Mid
Brandon Williams,PG,PG,15.22,5500,DAL,MIN,home,112.5,23.43,1.065,25.5,6.764152966404574,1.2627520014295923,1.0021206492924144,1.0259873884828177,0.9814931689931692,95.8,1.0,False,6.98,0.695,1.0195,19.7728496002568,10.0,34.8,9.8,25.0,0.76,41.5,4.1,mid,10.08,0.494,8.15,3.68,-0.003,Playmaker,3.595063563683055,6.327272727272727,1.781818181818182,2.732209163589672,112.0,Mid
Sam Merrill,SF/SG,SG,22.92,4200,CLE,CHA,away,117.0,21.01,0.8304,17.3,1.4779573445479122,0.8800593667768098,1.0131931112977746,0.93541047733068,1.0074321503131525,66.7,1.0,False,4.63,0.717,1.0217,19.67706141662357,8.574636400000001,32.5,11.1,21.4,0.652,44.5,5.2,value,8.052,0.416,10.39,5.06,0.248,Combo Guard,4.685014623005611,7.738095238095238,2.642857142857143,3.0530806150896264,83.0,Punt
PJ Hall,C,C,20.68,3800,CHA,CLE,home,111.5,11.53,1.0578,17.5,0.0,1.0578,1.013829627125707,1.0295779172869657,1.020728437847381,35.4,0.85,True,7.01,0.391,0.9891,19.5951068860152,12.83,38.8,6.8,32.0,0.98,26.5,-1.0,punt,9.89,0.628,14.44,5.38,1.562,Traditional Big,5.156607075267158,10.210526315789473,1.7894736842105263,5.0539192405223154,62.0,Punt
Lawson Lovering,C,,20.68,3600,MEM,UTA,away,120.0,12.8,0.7111,8.9,5.456023900054317,1.016251125475285,1.0535780459189796,0.99763,1.054371144390955,2.1,0.85,True,10.0,0.1,0.96,19.005156814820808,12.6848395,38.0,6.3,31.7,0.999,12.8,12.8,punt,14.325,0.76,11.45,4.5,1.143,3-and-D Wing,5.279210226339113,10.555555555555555,1.75,5.276345329216443,58.0,Punt
Anthony Gill,PF,PF,20.68,3700,WAS,IND,away,116.0,6.98,0.7932,11.9,1.6505334626576136,0.8702119495635305,0.9861703728742928,1.0453934206628817,1.034947937331775,60.4,1.0,False,8.94,0.378,0.9878,18.9668327995862,10.88408,35.3,8.1,27.2,0.861,25.6,0.0,punt,8.924,0.569,13.16,5.03,1.395,3-and-D Wing,5.1261710269151886,9.540540540540539,2.189189189189189,4.41436951362535,64.0,Punt
Jaylon Tyson,SF/SG,SF,17.05,5200,CLE,CHA,away,117.0,25.83,0.9325,18.8,1.60610393511565,0.9882651246620606,1.0131931112977746,1.0598642251136925,1.0074321503131525,106.2,1.0,False,5.22,0.872,1.0372,18.90682606874217,8.994108,32.4,9.9,22.5,0.714,47.2,5.5,mid,8.624,0.485,7.17,3.42,-0.073,3-and-D Wing,3.6359280901427247,6.23076923076923,1.9038461538461537,2.5948411406265053,110.0,Mid
Brook Lopez,C,C,20.68,6900,LAC,LAL,home,109.5,15.54,0.8222,17.3,1.8390990990990992,0.8833835315315315,1.0473806170088569,0.997267306857036,0.9681967539579808,100.0,1.0,False,6.98,0.716,1.0215999999999998,18.87384803875881,8.85,32.1,10.0,22.1,0.701,43.5,1.2,mid,8.85,0.455,7.83,2.82,-0.236,Stretch 5,2.735340295472291,4.6521739130434785,1.4492753623188406,1.9168336175711873,150.0,High
Jaxson Hayes,C,C,20.68,6600,LAL,LAC,away,116.0,15.58,0.8802,12.3,0.0,0.8802,0.9978793507075856,0.9906534537834428,1.0054468269524364,93.8,1.0,False,5.81,0.768,1.0268,18.57704616311172,6.9212534,29.0,11.7,17.3,0.561,41.4,2.2,mid,6.942849999999999,0.35,8.06,3.03,-0.179,Traditional Big,2.8147039641078364,4.3939393939393945,1.7727272727272727,1.5792354298315576,147.0,High
Jaime Jaquez,SF/PF,SF,17.05,6200,MIA,ATL,away,124.0,29.73,1.0287,22.2,0.0,1.0287,0.9767463093887094,0.945857884166404,1.1124512804154747,106.2,1.0,False,,0.745,1.0245,18.46774006965401,13.2084512,38.3,5.3,33.0,1.074,,,mid,15.0,0.512,10.69,4.28,0.16,3-and-D Wing,2.9786677531700017,6.177419354838709,0.8548387096774193,3.1987516016687074,139.0,High
Tyler Herro,SG/PG,SG,16.2,7200,MIA,ATL,away,124.0,34.59,1.0912,25.0,0.0,1.0912,0.9767463093887094,1.06690259137165,1.1124512804154747,22.9,0.85,True,3.24,0.597,1.0097,17.588070710038494,6.06735,26.7,11.5,15.2,0.518,49.5,22.9,mid_high,7.64,0.344,5.03,2.35,-0.475,Scoring Wing,2.4427875986164573,3.708333333333333,1.597222222222222,1.2655457347168757,165.0,High
Egor Demin,PG/SG,PG,21.7,5000,BKN,OKC,home,99.0,21.09,0.8436,19.4,0.0,0.8436,1.0257305829333614,0.9953353797324284,0.9139712164756272,97.9,1.0,False,,0.704,1.0204,17.43018592768088,9.03,31.0,8.4,22.6,0.779,,,mid,17.25,0.512,7.11,3.53,-0.043,Playmaker,3.4860371855361763,6.2,1.6800000000000002,2.713962814463824,116.0,Mid
Kobe Brown,SF,PF,17.05,3900,IND,WAS,home,114.5,7.85,0.7772,15.9,4.937447817836813,0.9461414535104364,0.9920720804594916,1.0896303318150191,0.9806611217743656,77.1,1.0,False,7.36,0.574,1.0074,17.227559969448333,8.230824,29.6,9.0,20.6,0.718,27.3,-1.0,punt,6.63,0.465,11.92,4.32,1.057,3-and-D Wing,4.417323069089316,7.58974358974359,2.307692307692308,3.172420520654274,87.0,Punt
Jaylin Williams,C/PF,C,15.31,4100,OKC,BKN,away,116.5,18.83,0.9756,15.6,2.7133779499823887,1.0943833377949983,1.0079279195405082,1.0097148521039023,0.98553251730746,85.4,1.0,False,6.0,0.713,1.0213,17.16315690441242,9.13,30.9,8.0,22.9,0.8,48.4,3.5,value,8.8704,0.418,10.68,5.33,0.314,Stretch 4,4.186135830344494,7.536585365853659,1.9512195121951221,3.3504495355091657,92.0,Punt
Christian Koloko,C,C,20.68,3500,ATL,MIA,home,120.5,12.01,0.785,10.1,0.5490028310789556,0.8148690154136522,1.032279972832943,1.047029315607425,1.0290411724213613,41.7,0.9,True,6.84,0.434,0.9934,16.756916237477224,10.7467575,32.9,6.0,26.9,0.963,27.3,0.0,punt,8.38,0.616,12.1,4.89,1.329,Traditional Big,4.787690353564921,9.4,1.7142857142857142,4.612309646435079,78.0,Punt
Vit Krejci,SG/SF,PG,18.91,3900,POR,DEN,away,121.0,16.57,0.743,14.6,1.880033599328013,0.8099729777404452,0.9803800865104084,0.985022664717291,1.0982171799027551,108.3,1.0,False,,0.756,1.0255999999999998,16.659770302185642,15.9405844,40.6,0.7,39.9,1.437,,,punt,16.125,0.92,12.39,4.49,1.138,Combo Guard,4.2717359749193955,10.41025641025641,0.1794871794871795,6.138520435337015,91.0,Punt
Kyle Anderson,PF/C,PF,11.31,4300,MEM,UTA,away,120.0,19.98,0.9746,14.5,8.889027702335685,1.3928256882129275,1.0535780459189796,1.04233396602731,1.054371144390955,47.9,0.9,True,5.49,0.562,1.0062,16.51784207880227,8.780615,29.7,7.7,22.0,0.798,43.1,5.2,value,9.0343,0.51,8.3,3.95,-0.026,Versatile Big,3.8413586229772725,6.906976744186046,1.7906976744186047,3.065618121208774,101.0,Punt
Isaiah Joe,SF/SG,SG,16.1,4400,OKC,BKN,away,116.5,17.4,0.8246,18.0,3.130820711518141,0.924998462839028,1.0079279195405082,1.0651508026581846,0.98553251730746,97.9,1.0,False,6.83,0.716,1.0215999999999998,16.097532250070035,7.882434,27.9,8.2,19.7,0.733,35.9,1.2,value,7.515199999999999,0.383,9.66,4.49,0.107,Combo Guard,3.6585300568340986,6.34090909090909,1.8636363636363633,2.6823790340749913,109.0,Punt
Nolan Traore,PG,PG,23.83,5400,BKN,OKC,home,99.0,15.52,0.7286,18.8,0.0,0.7286,1.0257305829333614,0.9953353797324284,0.9139712164756272,66.7,1.0,False,8.66,0.429,0.9929,16.08621929238519,8.34,28.6,7.7,20.9,0.778,39.1,0.0,mid,12.017499999999998,0.512,6.56,3.01,-0.184,Playmaker,2.9789294985898502,5.296296296296296,1.4259259259259258,2.317366797706446,138.0,Mid
Cody Williams,SF,SF,17.93,4000,UTA,MEM,home,117.5,12.41,0.6364,13.1,5.073157042633567,0.8089183205612519,1.0232536906112906,1.0210262823693017,1.0385815721676477,87.5,1.0,False,9.0,0.509,1.0009,15.752029048921834,9.80282,30.5,5.9,24.6,0.936,33.7,-1.0,value,9.982,0.616,7.7,3.94,-0.028,3-and-D Wing,3.9380072622304585,7.625,1.475,3.6869927377695415,98.0,Punt
Kel'el Ware,C/PF,C,11.31,5700,MIA,ATL,away,124.0,27.74,1.2439,18.2,0.0,1.2439,0.9767463093887094,1.0033965757518666,1.1124512804154747,108.3,1.0,False,7.75,0.702,1.0202,15.64835844803519,8.5070105,28.4,7.1,21.3,0.815,52.8,4.6,mid,12.67,0.512,6.75,2.94,-0.203,Stretch 5,2.7453260435149454,4.982456140350877,1.2456140350877192,2.2371300968359313,149.0,Mid
CJ McCollum,SG/PG,PG,12.77,6100,ATL,MIA,home,120.5,30.18,1.0027,25.3,1.37522491349481,1.0408524353570303,1.032279972832943,1.0654602584693778,1.0290411724213613,108.3,1.0,False,5.02,0.897,1.0396999999999998,15.640679338306317,8.198388,27.9,7.4,20.5,0.784,59.0,9.2,mid,10.24,0.512,6.23,2.54,-0.312,Playmaker,2.5640457931649703,4.573770491803279,1.213114754098361,2.009724698638309,158.0,High
Rocco Zikarsky,C,,17.32,3500,MIN,DAL,away,127.0,0.0,1.0,20.0,0.0,1.0,1.0030064809359482,0.9417,1.1224409340533406,0.0,0.85,True,,0.214,0.9714,15.161588967220208,11.28,32.1,3.9,28.200000000000003,1.117,,,punt,15.0,0.824,9.68,3.91,0.862,3-and-D Wing,4.331882562062916,9.171428571428573,1.1142857142857143,4.839546009365655,89.0,Punt
Brice Sensabaugh,SF/SG,SF,12.43,5200,UTA,MEM,home,117.5,19.43,0.8872,22.5,8.713437668645442,1.1277063702104697,1.0232536906112906,0.9925362823693016,1.0385815721676477,110.4,1.0,False,7.93,0.7,1.02,15.081261061025645,7.94,27.0,7.1,19.9,0.79,56.0,2.0,mid,11.4195,0.512,6.25,2.98,-0.192,Combo Guard,2.900242511735701,5.1923076923076925,1.3653846153846152,2.292065180571991,142.0,Mid
Bones Hyland,PG,PG,12.29,3900,MIN,DAL,away,127.0,14.74,0.9959,19.7,0.0,0.9959,1.0030064809359482,1.0529819655570614,1.1224409340533406,97.9,1.0,False,7.77,0.649,1.0149,14.725804706573731,10.193040000000002,30.0,4.5,25.5,1.037,39.9,-1.0,punt,9.92,0.78,8.97,3.25,0.548,Playmaker,3.775847360659931,7.6923076923076925,1.153846153846154,3.9164603316477615,103.0,Punt
Sion James,SF/SG,SG,23.23,3700,CHA,CLE,home,111.5,14.13,0.5937,10.8,0.0,0.5937,1.013829627125707,0.9866116804546364,1.020728437847381,116.7,1.0,False,5.73,0.888,1.0388,14.627484460866974,7.68,26.1,6.9,19.200000000000003,0.784,37.9,1.7,punt,7.681999999999999,0.518,10.49,4.01,0.91,Combo Guard,3.9533741786126955,7.054054054054054,1.864864864864865,3.1006798754413585,96.0,Punt
Craig Porter,PG,PG,14.44,3900,CLE,CHA,away,117.0,17.23,0.9626,12.3,1.050802042655452,1.0201651571042354,1.0131931112977746,0.950236672762307,1.0074321503131525,104.2,1.0,False,,0.735,1.0235,14.623972064293431,12.866172,33.9,1.8,32.1,1.318,,,punt,13.2,0.832,11.21,4.07,0.938,Playmaker,3.7497364267419053,8.692307692307692,0.46153846153846156,4.942571265565786,106.0,Punt
Josh Minott,PF/SF,PF,17.05,3600,BKN,OKC,home,99.0,14.32,0.9006,13.7,0.0,0.9006,1.0257305829333614,0.9975125097458682,0.9139712164756272,68.8,1.0,False,8.55,0.448,0.9948,14.284869483815877,11.63,31.7,2.7,29.0,1.219,42.0,0.0,punt,12.293499999999998,0.81,10.15,3.99,0.9,Stretch 4,3.968019301059966,8.805555555555555,0.75,4.837536254495589,95.0,Punt
Marvin Bagley,C,C,10.27,4600,DAL,MIN,home,112.5,22.33,1.1451,19.0,5.039957112223016,1.3577251801286634,1.0021206492924144,1.0108009576296075,0.9814931689931692,85.4,1.0,False,,0.641,1.0141,14.05840452767342,10.92,30.4,3.1,27.3,1.162,,,value,15.0,0.746,7.16,3.18,-0.216,Traditional Big,3.056174897320309,6.608695652173913,0.673913043478261,3.552520754853604,130.0,Mid
Jaylen Clark,SG,SG,17.05,3700,MIN,DAL,away,127.0,9.38,0.7,12.7,0.0,0.7,1.0030064809359482,0.999340567236602,1.1224409340533406,110.4,1.0,False,5.53,0.871,1.0371,13.925917270923163,6.98,24.4,6.9,17.5,0.752,30.9,-1.0,punt,6.98,0.544,9.06,3.46,0.648,3-and-D Wing,3.763761424573828,6.594594594594594,1.864864864864865,2.830833170020766,105.0,Punt
Jock Landale,C,C,11.31,4000,ATL,MIA,home,120.5,23.63,1.0098,18.3,0.9947279018559296,1.048222588235294,1.032279972832943,1.024979315607425,1.0290411724213613,104.2,1.0,False,5.6,0.835,1.0335,13.340495308276566,9.95,28.3,3.4,24.9,1.121,56.7,6.5,value,9.95,0.715,6.81,3.48,-0.142,Stretch 5,3.3351238270691415,7.075,0.85,3.7398761729308587,121.0,Punt
RayJ Dennis,PG,PG,16.31,3500,ATL,MIA,home,120.5,9.9,0.839,22.0,1.195847750865052,0.870923699276502,1.032279972832943,1.0654602584693778,1.0290411724213613,31.2,0.85,True,10.61,0.156,0.9656,13.195254190916176,10.0720095,28.3,3.1,25.2,1.145,33.9,0.0,punt,10.81,0.745,9.23,3.73,0.776,Playmaker,3.77007262597605,8.085714285714285,0.8857142857142858,4.315641659738236,104.0,Punt
E.J. Liddell,PF,PF,20.68,3500,BKN,OKC,home,99.0,3.82,0.7796,16.3,0.0,0.7796,1.0257305829333614,0.9973725097458682,0.9139712164756272,20.8,0.85,True,2.42,0.604,1.0104,12.946663049565798,7.45,24.1,5.5,18.6,0.861,8.4,0.0,punt,3.3695,0.573,9.2,3.72,0.771,3-and-D Wing,3.699046585590228,6.885714285714286,1.5714285714285714,3.186667700124058,107.0,Punt
Jahmir Young,PG,PG,18.98,3500,MIA,ATL,away,124.0,3.9,0.7091,19.7,0.0,0.7091,0.9767463093887094,1.0345296078143684,1.1124512804154747,16.7,0.85,True,3.42,0.553,1.0053,12.92778156474925,7.147401,23.6,5.8,17.8,0.826,7.5,1.5,punt,2.05,0.542,9.16,3.7,0.762,Playmaker,3.693651875642643,6.742857142857143,1.657142857142857,3.0492052672145005,108.0,Punt
Bennedict Mathurin,SG/SF,SF,11.81,10800,LAC,LAL,home,109.5,28.98,0.9142,23.7,2.5194594594594597,0.9822296576576576,1.0473806170088569,1.0692540547576102,0.9681967539579808,64.6,1.0,False,5.56,0.64,1.014,12.75410407038647,4.972296,20.2,7.8,12.4,0.584,46.7,11.5,stud,9.25,0.39,3.32,1.13,-0.628,Scoring Wing,1.1809355620728212,1.8703703703703702,0.7222222222222222,0.689434808297549,222.0,Star
Simone Fontecchio,SF/PF,PF,12.07,3900,MIA,ATL,away,124.0,16.21,0.921,19.9,0.0,0.921,0.9767463093887094,1.0263191038506414,1.1124512804154747,110.4,1.0,False,7.28,0.746,1.0246,12.701834329091726,8.69,25.7,4.0,21.7,1.023,35.0,0.0,punt,8.69,0.472,13.02,4.72,1.248,Stretch 4,3.256880597203007,6.589743589743589,1.0256410256410258,3.332862992540583,125.0,Punt
Julian Phillips,SF,SF,16.0,3500,MIN,DAL,away,127.0,6.44,0.7,12.9,0.0,0.7,1.0030064809359482,0.9881387536827158,1.1224409340533406,77.1,1.0,False,6.74,0.618,1.0118,12.606596879287396,6.48,22.3,6.1,16.200000000000003,0.769,16.7,0.0,punt,5.71,0.505,9.06,3.66,0.743,3-and-D Wing,3.601884822653542,6.371428571428572,1.7428571428571427,2.7695437487750296,111.0,Punt
Thomas Bryant,C,C,11.31,3700,CLE,CHA,away,117.0,10.98,1.0457,17.8,1.5206728747371585,1.1082346818864524,1.0131931112977746,0.9643236241395248,1.0074321503131525,81.2,1.0,False,6.16,0.68,1.018,12.559517667379982,7.8054992,24.3,4.8,19.5,0.935,30.9,-1.0,punt,7.594400000000001,0.587,9.59,3.67,0.748,Traditional Big,3.394464234427022,6.5675675675675675,1.2972972972972971,3.1731033331405456,118.0,Punt
Karlo Matkovic,C,PF,12.07,3700,NO,MIL,away,114.0,12.29,0.9527,13.0,0.0,0.9527,1.0535780459189796,1.007470810938325,1.0101001889975003,89.6,1.0,False,,0.662,1.0162,12.528707293197655,12.8,31.7,0.0,31.7,1.53,,,punt,15.0,1.001,9.04,3.46,0.648,3-and-D Wing,3.3861371062696364,8.567567567567567,0.0,5.18143046129793,119.0,Punt
Alex Caruso,SF/SG,SF,11.81,3900,OKC,BKN,away,116.5,17.02,0.925,15.3,2.66119760479042,1.0376225783726665,1.0079279195405082,1.0028851360307054,0.98553251730746,77.1,1.0,False,5.97,0.673,1.0173,12.419095981352998,7.49,23.7,4.9,18.8,0.908,34.1,0.0,punt,7.1016,0.603,8.78,3.18,0.514,3-and-D Wing,3.184383584962307,6.076923076923077,1.2564102564102566,2.8925394919607696,127.0,Punt
Ousmane Dieng,PF/SF,PF,14.41,5000,MIL,NO,home,109.5,9.73,0.8108,15.6,3.420142517814727,0.9352318004750592,0.9684667370209344,1.0158806240219624,0.9425316455696204,62.5,1.0,False,8.48,0.421,0.9921,12.398296632586025,9.49,26.6,2.9,23.700000000000003,1.145,56.2,0.0,mid,10.51,0.491,7.79,3.86,0.046,3-and-D Wing,2.479659326517205,5.32,0.58,2.840340673482795,164.0,Mid
Jordan Poole,PG/SG,SG,12.77,3700,NO,MIL,away,114.0,22.41,0.8823,25.5,0.0,0.8823,1.0535780459189796,1.0697070383148917,1.0101001889975003,58.3,0.95,True,7.25,0.488,0.9988,12.170413486767394,10.05696,27.3,2.1,25.2,1.243,44.0,-1.5,punt,10.66,0.836,8.12,3.11,0.481,Playmaker,3.289300942369566,7.378378378378378,0.5675675675675675,4.089077436008813,123.0,Punt
Mouhamed Gueye,PF/C,PF,12.07,3800,ATL,MIA,home,120.5,14.12,0.877,13.4,0.7283799937087134,0.91036958792073,1.032279972832943,1.0193779575120452,1.0290411724213613,112.5,1.0,False,7.73,0.725,1.0225,12.166168285853953,10.23,27.5,1.9,25.6,1.26,46.9,0.0,punt,10.23,0.821,8.81,3.28,0.562,Stretch 4,3.2016232331194616,7.236842105263158,0.5,4.035218872143697,126.0,Punt
Bruce Brown,SF/SG,SG,12.77,4000,DEN,POR,home,119.5,18.7,0.751,14.1,2.426060009837677,0.8414524643384161,0.9684667370209344,1.0892250058997035,1.0273044661074586,116.7,1.0,False,4.99,0.9,1.04,12.110311426815588,8.556204,24.9,3.6,21.3,1.056,36.9,0.0,value,7.95515,0.703,5.53,2.83,-0.302,3-and-D Wing,3.027577856703897,6.225,0.9,3.1974221432961025,133.0,Punt
Sharife Cooper,PG,PG,15.43,3800,WAS,IND,away,116.0,12.65,0.8433,18.6,2.5798254122211444,0.9251761687681862,0.9861703728742928,1.0128189252144193,1.034947937331775,27.1,0.85,True,11.05,0.136,0.9636,12.08671669801823,9.86,26.9,2.2,24.7,1.226,27.5,-1.0,punt,12.017499999999998,0.78,8.94,3.33,0.586,Playmaker,3.1807149205311136,7.078947368421052,0.5789473684210527,3.898232447889939,128.0,Punt
Josh Green,SG/SF,SG,18.91,3600,CHA,CLE,home,111.5,9.78,0.6075,10.9,0.0,0.6075,1.013829627125707,0.9866116804546364,1.020728437847381,66.7,1.0,False,4.45,0.73,1.023,11.99871921904625,8.96,25.4,3.0,22.4,1.117,32.2,-1.0,punt,9.1425,0.737,8.6,3.38,0.61,Combo Guard,3.3329775608461807,7.055555555555555,0.8333333333333333,3.7225779947093742,122.0,Punt
Elijah Harkless,SG,SG,16.98,3500,UTA,MEM,home,117.5,5.93,0.6309,11.2,4.337355639503508,0.8019273545601727,1.0232536906112906,0.989907485493258,1.0385815721676477,14.6,0.85,True,6.65,0.312,0.9812,11.947243621203864,7.44,23.1,4.5,18.6,0.934,12.1,0.0,punt,4.6575,0.609,8.63,3.49,0.662,Combo Guard,3.4134981774868183,6.6000000000000005,1.2857142857142858,3.1865018225131823,117.0,Punt
Terance Mann,SF/SG,SG,17.04,3900,BKN,OKC,home,99.0,18.01,0.7147,13.7,0.0,0.7147,1.0257305829333614,0.9957638430008268,0.9139712164756272,97.9,1.0,False,5.36,0.821,1.0321,11.733763391980244,8.81,24.9,2.9,22.0,1.122,37.0,0.0,punt,8.8205,0.75,8.31,3.01,0.433,3-and-D Wing,3.0086572799949343,6.384615384615384,0.7435897435897436,3.37595810462045,135.0,Punt
Klay Thompson,SF/SG,SF,11.81,3900,DAL,MIN,home,112.5,17.98,0.8136,22.5,5.9683702644746255,0.9646713881343816,1.0021206492924144,0.9936781030277062,0.9814931689931692,102.1,1.0,False,4.31,0.9,1.04,11.58018897790249,7.81,23.3,3.8,19.5,1.012,40.2,6.7,punt,7.81,0.679,8.14,2.95,0.405,Combo Guard,2.9692792251032025,5.9743589743589745,0.9743589743589743,3.0050797492557724,140.0,Punt
Robert Williams,C,C,7.52,4900,POR,DEN,away,121.0,21.05,1.2914,12.1,1.5581100377992438,1.4078049844603109,0.9803800865104084,0.9835696160945088,1.0982171799027551,79.2,1.0,False,4.69,0.775,1.0275,11.519403435479642,8.8620028,24.8,2.7,22.1,1.153,39.3,3.6,value,9.761,0.732,6.0,2.5,-0.383,Traditional Big,2.3508986603019677,5.061224489795918,0.5510204081632653,2.7103258294939505,169.0,Mid
Kasparas Jakucionis,PG,PG,12.77,4000,MIA,ATL,away,124.0,13.58,0.7988,13.7,0.0,0.7988,0.9767463093887094,1.0345296078143684,1.1124512804154747,60.4,1.0,False,,0.516,1.0016,11.484946408019711,12.779919,30.7,0.0,30.7,1.673,,,value,15.0,0.693,8.87,4.53,0.117,Playmaker,2.871236602004928,7.675,0.0,4.803763397995072,144.0,Punt
Micah Potter,PF/C,C,12.07,4400,IND,WAS,home,114.5,16.18,0.8561,15.3,4.751129032258065,1.0421920977229602,0.9920720804594916,1.0576216496853186,0.9806611217743656,47.9,0.9,True,8.4,0.354,0.9854,11.478962347182865,9.229077,25.3,2.2,23.1,1.204,43.9,0.0,value,9.24,0.496,8.96,4.16,0.026,Stretch 5,2.6088550789051963,5.75,0.5,3.1411449210948033,155.0,Punt
Cam Thomas,SG/PG,SG,12.43,4200,MIL,NO,home,109.5,20.81,0.8781,30.7,6.730665083135391,1.01286019239905,0.9684667370209344,1.0301071033803928,0.9425316455696204,56.2,0.95,True,6.6,0.524,1.0024,11.273228924250883,9.9143835,26.1,1.4,24.700000000000003,1.315,45.9,1.5,value,11.36,0.623,7.63,3.71,-0.085,Playmaker,2.684102124821639,6.214285714285714,0.3333333333333333,3.5301835894640754,152.0,Punt
Will Riley,SF/PF,PF,11.81,4500,WAS,IND,away,116.0,12.84,0.7877,19.2,2.663045586808923,0.8641779534432589,0.9861703728742928,1.0493134206628814,1.034947937331775,95.8,1.0,False,9.16,0.539,1.0039,10.972844287503143,8.2368,23.3,2.7,20.6,1.123,41.6,0.0,value,11.27,0.746,5.25,2.38,-0.413,Scoring Wing,2.438409841667365,5.177777777777778,0.6000000000000001,2.739367936110413,166.0,Punt
Corey Kispert,SF/SG,SF,11.81,3900,ATL,MIA,home,120.5,15.65,0.7709,17.7,0.9621138722868828,0.8002325146272413,1.032279972832943,1.073645322947068,1.0290411724213613,75.0,1.0,False,5.86,0.671,1.0171,10.962783439098033,8.7612375,24.1,2.2,21.9,1.198,36.1,1.0,punt,8.69,0.805,7.33,2.66,0.267,Combo Guard,2.810970112589239,6.17948717948718,0.5641025641025642,3.3685170668979407,148.0,Punt
Zeke Nnaji,PF/C,C,11.31,3600,DEN,POR,home,119.5,10.21,0.7977,14.2,2.4432661091982286,0.8937771382193802,0.9684667370209344,1.095970047888216,1.0273044661074586,81.2,1.0,False,9.62,0.433,0.9933,10.948505796861465,10.316124,26.4,0.6,25.8,1.411,42.1,0.0,punt,10.34265,0.891,7.83,3.08,0.467,Stretch 5,3.0412516102392955,7.333333333333333,0.16666666666666666,4.292081723094037,132.0,Punt
Tim Hardaway,SF/SG,SG,11.81,4200,DEN,POR,home,119.5,20.27,0.7398,18.4,3.165922282341367,0.828903506148549,0.9684667370209344,1.0801950058997036,1.0273044661074586,114.6,1.0,False,5.87,0.868,1.0368,10.907743406188732,7.617166500000001,22.3,3.3,19.0,1.044,42.1,6.0,value,7.22935,0.704,5.02,2.45,-0.396,Combo Guard,2.5970817633782697,5.309523809523809,0.7857142857142856,2.71244204614554,156.0,Punt
Jordan Miller,SF,SF,12.43,5100,LAC,LAL,home,109.5,16.47,0.8403,18.9,2.009189189189189,0.9028304324324324,1.0473806170088569,0.9716740547576102,0.9681967539579808,70.8,1.0,False,9.94,0.358,0.9858,10.900712701037564,5.7815978,19.6,5.1,14.500000000000002,0.798,41.4,0.0,mid,10.95,0.512,4.62,2.25,-0.39,3-and-D Wing,2.137394647262268,3.8431372549019613,1.0,1.7057426076396935,178.0,Mid
Oscar Tshiebwe,C,C,11.31,3500,UTA,MEM,home,117.5,8.75,0.875,10.2,3.9500917431192666,1.112199136535348,1.0232536906112906,0.9481531935214392,1.0385815721676477,6.2,0.85,True,5.0,0.388,0.9888,10.65307504372281,7.1565499,21.4,3.5,17.9,1.009,13.7,5.7,punt,4.956499999999999,0.62,8.43,3.41,0.624,Traditional Big,3.0437357267779457,6.114285714285714,1.0,3.070549987507768,131.0,Punt
Caleb Houstan,SF,SF,17.05,3500,ATL,MIA,home,120.5,3.4,0.6939,17.3,0.940371185907518,0.7203026876376218,1.032279972832943,0.960035322947068,1.0290411724213613,20.8,0.85,True,5.45,0.429,0.9929,10.57015414366596,6.8464028,20.8,3.7,17.1,0.968,13.9,0.0,punt,4.81,0.624,7.9,3.19,0.519,3-and-D Wing,3.020044041047417,5.942857142857143,1.0571428571428572,2.922813101809726,134.0,Punt
Ben Saraf,PG,SG,16.98,3800,BKN,OKC,home,99.0,12.27,0.7011,19.0,0.0,0.7011,1.0257305829333614,0.9923338430008268,0.9139712164756272,45.8,0.9,True,6.14,0.505,1.0005,9.972427364148334,7.66,21.5,2.3,19.2,1.156,25.8,0.5,punt,8.348999999999998,0.765,7.08,2.64,0.257,Playmaker,2.6243229905653513,5.657894736842105,0.6052631578947368,3.0335717462767544,154.0,Punt
Alex Antetokounmpo,SF,,11.81,3500,MIL,NO,home,109.5,0.0,1.0,20.0,4.384798099762469,1.1534679334916864,0.9684667370209344,0.96081,0.9425316455696204,0.0,0.85,True,,0.214,0.9714,9.86485286691017,8.74,23.0,1.1,21.9,1.332,,,punt,15.0,1.001,6.17,2.49,0.186,3-and-D Wing,2.8185293905457627,6.571428571428571,0.31428571428571433,3.752899180882809,146.0,Punt
Jarred Vanderbilt,PF/C,PF,11.01,3600,LAL,LAC,away,116.0,16.25,0.842,12.6,0.0,0.842,0.9978793507075856,1.0260118756511394,1.0054468269524364,93.8,1.0,False,5.82,0.768,1.0268,9.79884305390624,8.789472000000002,23.0,1.0,22.0,1.347,40.6,0.7,punt,8.7669,0.9,6.79,2.67,0.271,Stretch 4,2.7219008483072886,6.388888888888888,0.2777777777777778,3.6669880405816,151.0,Punt
Bryce McGowens,SG,SG,12.43,3800,NO,MIL,away,114.0,14.33,0.7201,14.5,0.0,0.7201,1.0535780459189796,1.002017038314892,1.0101001889975003,66.7,1.0,False,9.36,0.379,0.9879,9.429381261668764,9.24,23.3,0.2,23.1,1.471,40.4,0.0,punt,10.49,0.971,6.72,2.5,0.19,3-and-D Wing,2.48141612149178,6.131578947368421,0.052631578947368425,3.650162825876641,163.0,Punt
AJ Johnson,SG,SG,12.77,3500,DAL,MIN,home,112.5,5.32,0.665,20.6,5.464374553252324,0.7884789492494639,1.0021206492924144,0.9965619324365,0.9814931689931692,58.3,0.95,True,7.07,0.501,1.0001,9.376907220782153,7.07,20.0,2.3,17.7,1.133,27.8,-1.0,punt,7.38,0.754,6.63,2.68,0.276,Combo Guard,2.6791163487949006,5.714285714285714,0.6571428571428571,3.0351693654908134,153.0,Punt
Ethan Thompson,SG,SG,12.77,4000,IND,WAS,home,114.5,11.26,0.6824,14.5,4.502703984819735,0.8307345958254269,0.9920720804594916,1.0285247539178402,0.9806611217743656,47.9,0.9,True,12.23,0.239,0.9739,9.304370671775464,6.999550999999999,19.8,2.3,17.5,1.128,34.5,0.0,value,10.74,0.746,4.52,2.31,-0.43,Combo Guard,2.326092667943866,4.95,0.575,2.623907332056134,170.0,Punt
Danny Wolf,PF/SF,PF,10.04,5300,BKN,OKC,home,99.0,19.61,0.9613,20.2,0.0,0.9613,1.0257305829333614,0.9975125097458682,0.9139712164756272,83.3,1.0,False,7.36,0.605,1.0105,9.120384485578978,4.7,16.2,4.4,11.8,0.776,37.2,0.0,mid,11.235499999999998,0.512,3.7,1.73,-0.531,Stretch 4,1.7208272614299958,3.0566037735849054,0.8301886792452832,1.33577651215491,195.0,Mid
Sidy Cissoko,SF/SG,SG,12.07,4000,POR,DEN,away,121.0,14.07,0.6309,12.8,1.6482486350272991,0.6877684409911803,0.9803800865104084,0.9717413551271318,1.0982171799027551,104.2,1.0,False,7.01,0.735,1.0235,8.889365458864516,6.6946499,18.9,2.2,16.7,1.126,30.8,0.0,value,8.89025,0.746,4.44,2.27,-0.44,Combo Guard,2.222341364716129,4.725,0.55,2.5026586352838707,173.0,Punt
Spencer Jones,SF/PF,PF,12.07,3700,DEN,POR,home,119.5,14.12,0.6009,9.7,1.6689916379734382,0.6732740157402853,0.9684667370209344,1.0956400549927348,1.0273044661074586,97.9,1.0,False,10.89,0.49,0.999,8.84945241327843,9.02916,22.4,0.0,22.4,1.531,33.1,-1.0,punt,9.2826,1.001,5.93,2.27,0.081,3-and-D Wing,2.3917438954806567,6.0540540540540535,0.0,3.662310158573397,168.0,Punt
Thanasis Antetokounmpo,SF,PF,8.14,3500,MIL,NO,home,109.5,3.49,1.1633,17.7,3.880546318289786,1.3418292470308788,0.9684667370209344,1.0158806240219624,0.9425316455696204,39.6,0.85,True,1.57,0.698,1.0198,8.779684679895443,5.12,16.5,3.7,12.8,0.879,11.4,0.0,punt,3.3,0.573,6.31,2.55,0.214,3-and-D Wing,2.5084813371129835,4.714285714285714,1.0571428571428572,2.2058043771727305,162.0,Punt
DeAndre Jordan,C,C,10.7,3500,NO,MIL,away,114.0,10.0,0.8696,12.5,0.0,0.8696,1.0535780459189796,1.0058077540354022,1.0101001889975003,4.2,0.85,True,0.71,0.521,1.0021,8.483585492116276,5.57,16.8,2.9,13.9,0.98,13.0,7.0,punt,4.24,0.641,6.14,2.48,0.181,Traditional Big,2.423881569176079,4.8,0.8285714285714285,2.3761184308239214,167.0,Punt
Svi Mykhailiuk,SG/SF,SG,9.0,3700,UTA,MEM,home,117.5,15.85,0.666,14.1,5.460420939017809,0.8465424284943335,1.0232536906112906,0.989907485493258,1.0385815721676477,93.8,1.0,False,5.34,0.802,1.0302,8.257171886803246,8.45,20.9,0.0,20.9,1.531,35.4,1.4,punt,9.0505,1.001,5.97,2.28,0.086,Combo Guard,2.2316680775143904,5.648648648648648,0.0,3.4169805711342573,172.0,Punt
Yanic Konan Niederhauser,C,C,8.63,3900,LAC,LAL,home,109.5,8.33,0.9154,15.6,1.6583783783783783,0.9835189549549548,1.0473806170088569,0.938187306857036,0.9681967539579808,72.9,1.0,False,,0.579,1.0079,8.138955667452235,8.6285836,21.1,0.0,21.1,1.592,,,punt,15.0,1.001,6.3,2.28,0.086,Traditional Big,2.0869117096031373,5.410256410256411,0.0,3.3233447006532737,179.0,Punt
Buddy Hield,SG/SF,SF,7.68,3700,ATL,MIA,home,120.5,15.03,0.8738,19.7,1.0708273041837055,0.9070478288770054,1.032279972832943,1.073645322947068,1.0290411724213613,93.8,1.0,False,6.67,0.707,1.0207,8.109248565060847,8.05824,20.2,0.1,20.1,1.491,35.6,-1.0,punt,9.93,1.001,5.42,2.07,-0.014,Combo Guard,2.191688801367796,5.459459459459459,0.02702702702702703,3.2677706580916626,175.0,Punt
Isaiah Jackson,C,C,7.52,2700,LAC,LAL,home,109.5,16.86,1.0407,16.0,1.7009009009009008,1.1181430810810808,1.0473806170088569,0.938187306857036,0.9681967539579808,83.3,1.0,False,7.12,0.622,1.0122,8.097281953848155,8.589890400000002,21.0,0.0,21.0,1.593,42.5,-0.8,punt,11.06,1.001,6.27,3.29,0.567,Traditional Big,2.9989933162400573,7.777777777777778,0.0,4.77878446153772,136.0,Punt
Caleb Martin,SF,SG,9.59,3900,DAL,MIN,home,112.5,10.8,0.7714,12.0,3.1831308077198,0.914635581129378,1.0021206492924144,0.9292219324365,0.9814931689931692,95.8,1.0,False,8.75,0.568,1.0068,8.071172897575096,8.303259,20.5,0.0,20.5,1.54,37.0,0.0,punt,10.11,1.001,6.12,2.22,0.057,3-and-D Wing,2.0695315121987425,5.256410256410256,0.0,3.186878744211514,182.0,Punt
Nicolas Batum,SF,PF,12.07,2100,LAC,LAL,home,109.5,11.32,0.5835,10.0,1.063063063063063,0.6269208108108109,1.0473806170088569,1.0111067946131689,0.9681967539579808,108.3,1.0,False,6.15,0.817,1.0316999999999998,8.004580395009564,5.86,16.8,2.1,14.7,1.099,23.6,-1.0,punt,5.86,0.723,5.73,3.86,0.838,Stretch 4,3.811704950004554,8.0,1.0,4.188295049995446,102.0,Punt
Mike Conley,PG,PG,9.27,3600,MIN,DAL,away,127.0,13.01,0.7032,11.4,0.0,0.7032,1.0030064809359482,1.0529819655570614,1.1224409340533406,91.7,1.0,False,5.34,0.791,1.0291,7.952512185045049,7.402824000000001,19.1,0.5,18.6,1.402,34.8,1.9,punt,7.34,0.917,5.54,2.18,0.038,Playmaker,2.2090311625125136,5.305555555555556,0.1388888888888889,3.0965243930430426,174.0,Punt
Nae'Qwan Tomlin,PF/SF,PF,7.61,3800,CLE,CHA,away,117.0,15.47,0.91,15.4,1.3156383298287773,0.9644195854610994,1.0131931112977746,1.032180372040099,1.0074321503131525,91.7,1.0,False,6.76,0.69,1.019,7.879315547990778,7.024146,18.4,0.9,17.5,1.335,31.7,0.0,punt,7.04,0.874,5.6,2.08,-0.01,Stretch 4,2.073504091576521,4.842105263157895,0.2368421052631579,2.768601171581374,181.0,Punt
Xavier Tillman,C,C,11.31,3500,CHA,CLE,home,111.5,5.47,0.7814,13.9,0.0,0.7814,1.013829627125707,1.0295779172869657,1.020728437847381,33.3,0.85,True,7.73,0.329,0.9829,7.866810426094689,7.11,18.5,0.8,17.7,1.352,26.2,0.0,punt,9.752,0.868,5.8,2.34,0.114,Traditional Big,2.24766012174134,5.285714285714286,0.2285714285714286,3.0380541639729457,171.0,Punt
Scoot Henderson,PG,,6.87,5300,POR,DEN,away,121.0,23.75,1.1875,28.8,3.708559428811423,1.2945395842083158,0.9803800865104084,0.96109,1.0982171799027551,8.3,0.85,True,0.82,0.541,1.0041,7.854431159819387,4.04,13.9,3.8,10.1,0.77,28.5,19.2,mid,4.6655,0.581,2.8,1.31,-0.645,3-and-D Wing,1.4819681433621485,2.6226415094339623,0.7169811320754716,1.1406733660718138,208.0,Mid
Quenton Jackson,SG/PG,PG,6.87,4500,IND,WAS,home,114.5,15.2,0.956,21.1,6.55221062618596,1.1638075521821631,0.9920720804594916,1.0603672098465955,0.9806611217743656,54.2,0.95,True,8.01,0.413,0.9913,7.76756855084288,10.90952,24.1,0.0,24.1,2.103,56.2,0.0,value,13.06,0.674,7.69,3.5,-0.137,Playmaker,1.726126344631751,5.355555555555556,0.0,3.6294292109238047,194.0,Punt
Olivier-Maxence Prosper,PF/C,SF,5.57,4000,MEM,UTA,away,120.0,11.43,0.8343,17.1,10.482922324823464,1.1923193840304185,1.0535780459189796,1.0507192174213629,1.054371144390955,60.4,1.0,False,8.43,0.414,0.9914,7.684995436263927,5.77052,16.3,1.9,14.4,1.121,30.0,0.0,value,7.59225,0.746,3.67,1.88,-0.536,3-and-D Wing,1.9212488590659818,4.075,0.475,2.1537511409340184,189.0,Punt
Jaden Hardy,SG,SG,9.0,3700,WAS,IND,away,116.0,10.38,0.8109,23.8,3.301066925315227,0.8896304461687681,0.9861703728742928,0.933524485375696,1.034947937331775,75.0,1.0,False,7.28,0.569,1.0069,7.681298735748341,7.913813,19.6,0.0,19.6,1.552,27.7,0.0,punt,8.924,0.987,5.84,2.23,0.062,Combo Guard,2.0760266853373897,5.297297297297297,0.0,3.2212706119599077,180.0,Punt
Dru Smith,SG,PG,6.87,3800,MIA,ATL,away,124.0,17.92,1.0419,15.5,0.0,1.0419,0.9767463093887094,0.9473096078143683,1.1124512804154747,114.6,1.0,False,4.44,0.9,1.04,7.662506140907928,5.719123199999999,16.2,1.9,14.3,1.114,43.5,2.2,punt,8.67,1.001,4.15,1.54,-0.267,3-and-D Wing,2.016448984449455,4.2631578947368425,0.5,2.246708910287387,185.0,Punt
Taelon Peter,PG,PG,8.05,3700,IND,WAS,home,114.5,7.06,0.8023,16.7,5.185872865275143,0.9766974886148008,0.9920720804594916,1.0603672098465955,0.9806611217743656,52.1,0.95,True,8.12,0.395,0.9895,7.62454321520323,6.947099999999999,18.0,0.7,17.3,1.361,29.3,-1.0,punt,7.97,0.881,5.42,2.07,-0.014,Playmaker,2.0606873554603324,4.864864864864865,0.18918918918918917,2.804177509404532,183.0,Punt
Emanuel Miller,SF,SF,8.32,3500,CLE,CHA,away,117.0,6.12,0.9273,17.7,1.5121297686993087,0.982754155602283,1.0131931112977746,1.0598642251136925,1.0074321503131525,10.4,0.85,True,1.52,0.552,1.0052,7.55784339600962,4.830942,14.8,2.7,12.1,0.958,10.2,1.2,punt,3.696,0.651,5.03,2.03,-0.033,3-and-D Wing,2.15938382743132,4.228571428571429,0.7714285714285715,2.0691876011401087,177.0,Punt
Asa Newell,PF,PF,7.61,3600,ATL,MIA,home,120.5,9.97,0.8823,16.9,0.9186284995281536,0.9158712513368984,1.032279972832943,0.9686279575120454,1.0290411724213613,81.2,1.0,False,7.08,0.615,1.0114999999999998,7.253911018945799,7.6801338,18.8,0.0,18.8,1.592,37.0,0.0,punt,8.56,1.001,5.53,2.17,0.033,3-and-D Wing,2.0149752830404997,5.222222222222222,0.0,3.207246939181722,186.0,Punt
Brooks Barnhizer,SF,SF,8.65,3500,OKC,BKN,away,116.5,5.36,0.7053,10.9,1.8958858753082075,0.7911731940824235,1.0079279195405082,1.0028851360307054,0.98553251730746,60.4,1.0,False,4.8,0.673,1.0173,6.935668775646617,4.85,14.2,2.1,12.1,1.047,23.1,-1.0,punt,4.760800000000001,0.687,4.99,2.02,-0.038,3-and-D Wing,1.9816196501847476,4.057142857142857,0.6,2.0755232069581093,187.0,Punt
Maxi Kleber,PF,C,11.31,2100,LAL,LAC,away,116.0,7.03,0.6113,9.6,0.0,0.6113,0.9978793507075856,0.9906534537834428,1.0054468269524364,60.4,1.0,False,7.35,0.491,0.9991,6.865700609233115,5.489610399999999,15.1,1.4,13.7,1.199,22.8,0.0,punt,5.777749999999999,0.752,5.23,3.52,0.676,Traditional Big,3.2693812424919595,7.19047619047619,0.6666666666666666,3.921094947984231,124.0,Punt
Jamir Watkins,SG,SG,8.05,4300,WAS,IND,away,116.0,13.82,0.7593,12.7,1.7614936954413187,0.8330205916585839,0.9861703728742928,1.038664485375696,1.034947937331775,56.2,0.95,True,10.59,0.281,0.9781,6.60547750858604,4.887568,13.9,1.7,12.2,1.104,43.7,0.0,value,12.0635,0.746,3.12,1.48,-0.635,3-and-D Wing,1.5361575601362885,3.232558139534884,0.3953488372093023,1.6964005793985955,204.0,Punt
Miles Kelly,PG,SG,9.0,3500,DAL,MIN,home,112.5,6.37,0.7494,15.2,4.0319656897784135,0.888550563259471,1.0021206492924144,0.9965619324365,0.9814931689931692,25.0,0.85,True,6.2,0.396,0.9896,6.593482446576223,4.88,13.9,1.7,12.2,1.108,16.5,-1.0,punt,5.38,0.739,4.67,1.89,-0.1,Combo Guard,1.8838521275932065,3.9714285714285715,0.4857142857142857,2.087576443835365,190.0,Punt
Kevon Looney,C,C,7.52,3600,NO,MIL,away,114.0,13.36,0.9612,10.6,0.0,0.9612,1.0535780459189796,1.0058077540354022,1.0101001889975003,37.5,0.85,True,5.31,0.522,1.0022,6.590996347586483,5.49,14.8,1.1,13.7,1.245,26.4,4.1,punt,6.7,0.815,4.77,1.87,-0.11,Traditional Big,1.830832318774023,4.111111111111112,0.3055555555555556,2.2802787923370884,191.0,Punt
Kobe Sanders,SF/SG,SG,9.0,3000,LAC,LAL,home,109.5,13.37,0.6336,15.9,1.6902702702702703,0.680748972972973,1.0473806170088569,1.0368770383148918,0.9681967539579808,95.8,1.0,False,8.01,0.621,1.0121,6.520011188555711,6.513593999999999,16.3,0.0,16.3,1.5,29.9,-2.8,punt,7.94,1.001,4.49,2.12,0.01,Combo Guard,2.1733370628519038,5.433333333333334,0.0,3.2599962704814303,176.0,Punt
Tristan Enaruna,SF,,8.57,3500,CLE,CHA,away,117.0,4.61,0.7948,18.8,1.60610393511565,0.8423304247521778,1.0131931112977746,1.01576,1.0074321503131525,8.3,0.85,True,2.0,0.541,1.0041,6.387903454437859,3.3180120000000004,11.4,3.1,8.3,0.785,7.1,3.2,punt,1.76,0.594,3.78,1.53,-0.271,3-and-D Wing,1.825115272696531,3.257142857142857,0.8857142857142858,1.4320275844463262,192.0,Punt
Pete Nance,PF,PF,7.52,3700,MIL,NO,home,109.5,9.4,0.8785,15.2,3.3324465558194776,1.0133215795724464,0.9684667370209344,1.0158806240219624,0.9425316455696204,47.9,0.9,True,9.0,0.311,0.9811,6.239420332855337,8.28,18.7,0.0,18.7,1.997,27.6,-1.0,punt,9.39,0.807,7.25,2.77,0.319,3-and-D Wing,1.6863298196906316,5.0540540540540535,0.0,3.367724234363422,200.0,Punt
Pat Connaughton,SG,SG,7.83,3500,CHA,CLE,home,111.5,5.98,0.8543,14.6,0.0,0.8543,1.013829627125707,0.9866116804546364,1.020728437847381,45.8,0.9,True,4.71,0.607,1.0107,6.212385384589998,5.21,14.0,1.0,13.0,1.254,19.9,0.0,punt,6.106499999999999,0.827,4.45,1.8,-0.143,Combo Guard,1.7749672527399996,4.0,0.2857142857142857,2.2250327472600007,193.0,Punt
Cam Christie,SG,SG,7.68,2400,LAC,LAL,home,109.5,7.02,0.702,16.7,1.7753153153153154,0.7542389189189188,1.0473806170088569,1.0368770383148918,0.9681967539579808,79.2,1.0,False,6.86,0.62,1.012,6.163765146932223,6.165382999999999,15.4,0.0,15.4,1.498,26.9,0.0,punt,6.51,1.001,4.25,2.5,0.19,Combo Guard,2.5682354778884267,6.416666666666667,0.0,3.8484311887782408,157.0,Punt
Caleb Love,SG/PG,PG,6.44,4200,POR,DEN,away,121.0,19.05,0.8581,22.9,2.9488198236035275,0.9354479302813944,0.9803800865104084,0.9409926647172911,1.0982171799027551,93.8,1.0,False,8.98,0.542,1.0042,6.129071043578528,4.8596184,13.4,1.3,12.1,1.186,43.9,-1.0,value,11.653,0.746,3.3,1.61,-0.603,Playmaker,1.459302629423459,3.1904761904761902,0.30952380952380953,1.7311735610527315,211.0,Punt
Blake Wesley,PG,PG,7.0,3600,POR,DEN,away,121.0,14.48,0.9342,18.1,2.33072658546829,1.0184074775304497,0.9803800865104084,0.9409926647172911,1.0982171799027551,27.1,0.85,True,5.47,0.459,0.9959,6.113968967754484,5.303155,14.1,0.8,13.3,1.306,24.9,0.0,punt,7.213249999999999,0.816,4.77,1.87,-0.11,Playmaker,1.6983247132651345,3.9166666666666665,0.22222222222222224,2.218341953401532,197.0,Punt
Tyrese Proctor,PG,PG,6.87,3600,CLE,CHA,away,117.0,8.67,0.8337,21.4,1.8282246920997287,0.8835567125262841,1.0131931112977746,0.950236672762307,1.0074321503131525,83.3,1.0,False,6.38,0.675,1.0175,5.990532210288014,6.1894085,15.3,0.0,15.3,1.554,29.7,0.0,punt,6.6968000000000005,0.976,4.6,1.81,-0.138,Playmaker,1.6640367250800037,4.25,0.0,2.5859632749199966,201.0,Punt
Keshad Johnson,SF,SF,7.83,3500,MIA,ATL,away,124.0,6.33,0.8329,18.7,0.0,0.8329,0.9767463093887094,0.945857884166404,1.1124512804154747,43.8,0.9,True,7.51,0.397,0.9897,5.970206751547043,6.0109152,15.0,0.0,15.0,1.512,36.7,-0.6,punt,8.19,0.948,4.61,1.86,-0.114,3-and-D Wing,1.7057733575848695,4.285714285714286,0.0,2.5799409281294166,196.0,Punt
Jake LaRavia,PF/SF,SF,7.68,5700,LAL,LAC,away,116.0,21.35,0.7937,15.1,0.0,0.7937,0.9978793507075856,0.9485668999037496,1.0054468269524364,112.5,1.0,False,7.46,0.744,1.0244,5.942815942437203,3.952736,11.9,2.0,9.9,1.002,50.1,1.4,mid,10.457249999999998,0.647,2.51,1.09,-0.705,3-and-D Wing,1.0425992881468777,2.087719298245614,0.3508771929824561,1.0451200100987363,225.0,Mid
Jordan Hawkins,SG,SG,9.0,3500,NO,MIL,away,114.0,8.14,0.5899,17.0,0.0,0.5899,1.0535780459189796,1.0324670383148915,1.0101001889975003,75.0,1.0,False,6.06,0.656,1.0156,5.924489828316872,5.932009999999999,14.8,0.0,14.8,1.498,22.4,-1.8,punt,6.42,1.001,4.1,1.66,-0.21,Combo Guard,1.6927113795191064,4.228571428571429,0.0,2.535860049052322,198.0,Punt
Kenrich Williams,PF,PF,5.73,4000,OKC,BKN,away,116.5,14.9,0.9255,17.6,3.0612469179288486,1.038183455442057,1.0079279195405082,1.0005140630377507,0.98553251730746,75.0,1.0,False,8.21,0.503,1.0003,5.914017773039888,8.53,18.7,0.0,18.7,2.162,38.8,1.2,value,9.3896,0.701,5.95,3.04,-0.25,Stretch 4,1.478504443259972,4.675,0.0,3.196495556740028,209.0,Punt
Andre Jackson,SG,SF,8.38,3500,MIL,NO,home,109.5,4.53,0.6969,15.4,3.376294536817102,0.8038518028503562,0.9684667370209344,1.0132518271459192,0.9425316455696204,54.2,0.95,True,,0.485,0.9985,5.910030585184112,5.99,14.9,0.0,14.9,1.521,,,punt,15.0,1.001,4.23,1.71,-0.186,3-and-D Wing,1.6885801671954606,4.257142857142857,0.0,2.5685626899473966,199.0,Punt
Kadary Richmond,PG,,5.6,3700,WAS,IND,away,116.0,20.7,1.15,11.9,1.6505334626576136,1.2616537342386032,0.9861703728742928,0.99252,1.034947937331775,4.2,0.85,True,10.0,0.1,0.96,5.840204901751349,5.134,13.5,0.7,12.8,1.312,14.9,14.9,punt,17.25,1.001,3.53,1.35,-0.357,3-and-D Wing,1.5784337572300944,3.6486486486486487,0.18918918918918917,2.070214891418554,202.0,Punt
Keon Ellis,SG/SF,PG,7.68,3900,CLE,CHA,away,117.0,12.95,0.7235,13.5,1.1533193151096424,0.7667665605286873,1.0131931112977746,0.9417666727623072,1.0074321503131525,100.0,1.0,False,8.14,0.633,1.0133,5.736061243857491,6.108093200000001,14.9,0.0,14.9,1.598,36.2,-1.0,punt,8.588799999999999,1.001,4.44,1.61,-0.233,Combo Guard,1.4707849343224335,3.8205128205128207,0.0,2.3497278861903874,210.0,Punt
Gary Trent,SF,SF,9.0,3600,MIL,NO,home,109.5,13.37,0.5665,15.6,3.420142517814727,0.6534395843230404,0.9684667370209344,1.0132518271459192,0.9425316455696204,97.9,1.0,False,7.56,0.664,1.0164,5.528542477872472,4.97,13.0,0.6,12.4,1.351,31.9,0.0,punt,7.42,1.001,3.51,1.38,-0.343,3-and-D Wing,1.5357062438534643,3.611111111111111,0.16666666666666666,2.0754048672576464,205.0,Punt
Drake Powell,SG/SF,PG,10.28,3700,BKN,OKC,home,99.0,11.49,0.6047,15.0,0.0,0.6047,1.0257305829333614,0.9321253797324284,0.9139712164756272,89.6,1.0,False,6.86,0.672,1.0172,5.52560188450636,5.773510600000001,14.2,0.0,14.2,1.57,25.4,-1.0,punt,8.049999999999999,1.001,4.22,1.61,-0.233,Combo Guard,1.4934059147314485,3.8378378378378373,0.0,2.344431923106389,206.0,Punt
Joe Ingles,SG,SF,7.68,3500,MIN,DAL,away,127.0,2.98,0.745,8.8,0.0,0.745,1.0030064809359482,0.9881387536827158,1.1224409340533406,39.6,0.85,True,1.95,0.698,1.0198,5.517426977295449,3.8,11.2,1.7,9.5,1.03,12.5,-1.0,punt,3.55,0.678,3.97,1.6,-0.238,3-and-D Wing,1.5764077077986998,3.1999999999999997,0.4857142857142857,1.6235922922013,203.0,Punt
Branden Carlson,C,C,4.66,3700,OKC,BKN,away,116.5,10.62,0.9655,17.4,3.0264600211342025,1.0830536209933077,1.0079279195405082,1.0640348521039025,0.98553251730746,70.8,1.0,False,7.27,0.549,1.0049,5.360619829189714,5.542377,13.7,0.0,13.7,1.556,36.2,0.0,punt,7.726399999999999,1.001,3.79,1.45,-0.31,Traditional Big,1.448816170051274,3.702702702702702,0.0,2.2538865326514284,212.0,Punt
Nikola Jovic,PF,PF,5.4,3700,MIA,ATL,away,124.0,16.85,0.9413,21.2,0.0,0.9413,0.9767463093887094,0.9493891038506416,1.1124512804154747,91.7,1.0,False,,0.673,1.0173,5.33430550873702,6.1859904,14.6,0.0,14.6,1.737,,,punt,15.0,1.001,4.49,1.72,-0.181,3-and-D Wing,1.441704191550546,3.9459459459459456,0.0,2.5042417543954,213.0,Punt
Marcus Smart,SG/SF,SG,6.68,6300,LAL,LAC,away,116.0,21.25,0.7482,16.2,0.0,0.7482,0.9978793507075856,1.0138519407166404,1.0054468269524364,91.7,1.0,False,5.21,0.801,1.0301,5.237032077297455,4.04,11.3,1.2,10.1,1.158,43.3,7.6,mid,8.6523,0.775,2.1,0.83,-0.775,Combo Guard,0.8312749329043579,1.7936507936507937,0.19047619047619047,0.9623758607464359,230.0,High
DaRon Holmes,C/PF,C,7.52,3500,DEN,POR,home,119.5,7.92,0.6769,12.8,2.202380718150516,0.7584276606000984,0.9684667370209344,1.095970047888216,1.0273044661074586,31.2,0.85,True,,0.37,0.987,5.217358186208524,5.529108,13.5,0.0,13.5,1.588,,,punt,14.325,1.001,3.73,1.51,-0.281,Stretch 5,1.4906737674881498,3.857142857142857,0.0,2.366469089654707,207.0,Punt
Alondes Williams,SG,,6.87,3600,WAS,IND,away,116.0,21.5,0.7679,10.2,1.4147429679922403,0.8424555674102813,0.9861703728742928,0.99252,1.034947937331775,2.1,0.85,True,,0.225,0.9725,4.846430606824426,4.26122,11.2,0.6,10.6,1.311,,,punt,17.25,1.001,2.93,1.15,-0.452,3-and-D Wing,1.3462307241178961,3.1111111111111107,0.16666666666666666,1.7648803869932148,215.0,Punt
Dwight Powell,C,C,5.16,3600,DAL,MIN,home,112.5,10.62,0.7867,8.3,2.2016654753395284,0.932776525375268,1.0021206492924144,1.0108009576296075,0.9814931689931692,83.3,1.0,False,10.16,0.416,0.9916,4.745005987768318,4.94,12.2,0.0,12.2,1.571,39.5,0.0,punt,10.21,1.001,3.49,1.37,-0.348,Traditional Big,1.3180572188245328,3.3888888888888884,0.0,2.070831670064356,216.0,Punt
Larry Nance,C/PF,PF,5.4,3600,CLE,CHA,away,117.0,10.04,0.7844,13.6,1.1618624211474915,0.8313084866326224,1.0131931112977746,1.071870372040099,1.0074321503131525,54.2,0.95,True,5.29,0.607,1.0107,4.715764907813438,4.716168,11.8,0.0,11.8,1.502,21.6,-1.0,punt,5.6144,0.991,3.22,1.27,-0.395,3-and-D Wing,1.3099346966148437,3.2777777777777777,0.0,1.9678430811629342,217.0,Punt
Bogdan Bogdanovic,SG/SF,SG,6.87,1800,LAC,LAL,home,109.5,15.36,0.7014,18.1,1.9241441441441445,0.7535942702702703,1.0473806170088569,1.0368770383148918,0.9681967539579808,35.4,0.85,True,,0.391,0.9891,4.576662259423621,4.567709,11.4,0.0,11.4,1.491,,,punt,15.0,1.001,3.15,2.48,0.181,Combo Guard,2.542590144124234,6.333333333333333,0.0,3.7907431892090995,160.0,Punt
Joan Beringer,C,C,3.8,3600,MIN,DAL,away,127.0,7.05,1.0522,16.2,0.0,1.0522,1.0030064809359482,1.06283105581567,1.1224409340533406,56.2,0.95,True,6.58,0.525,1.0025,4.556394850388486,3.87261,10.4,0.7,9.7,1.283,29.1,0.0,punt,7.43,1.001,2.67,1.05,-0.5,Traditional Big,1.265665236219024,2.888888888888889,0.19444444444444442,1.6232236526698651,219.0,Punt
Gary Harris,SG,SG,7.83,3500,MIL,NO,home,109.5,7.83,0.5363,7.5,1.6442992874109263,0.6186048527315915,0.9684667370209344,1.0025971033803929,0.9425316455696204,79.2,1.0,False,7.28,0.59,1.009,4.472736834349972,4.51,11.2,0.0,11.2,1.504,19.2,0.0,punt,5.26,1.001,3.19,1.29,-0.386,Combo Guard,1.2779248098142777,3.1999999999999997,0.0,1.9220751901857223,218.0,Punt
Myron Gardner,SF,SF,3.96,3700,MIA,ATL,away,124.0,11.2,1.1429,15.6,0.0,1.1429,0.9767463093887094,0.945857884166404,1.1124512804154747,54.2,0.95,True,7.95,0.417,0.9917,4.382238444985618,8.6467696,17.4,0.0,17.4,2.971,31.4,0.0,punt,10.44,0.891,7.05,2.69,0.281,3-and-D Wing,1.1843887689150319,4.702702702702702,0.0,3.5183139337876703,221.0,Punt
Keaton Wallace,PG,PG,4.24,3500,ATL,MIA,home,120.5,9.54,0.8518,15.3,0.8316577540106952,0.8842107354513998,1.032279972832943,1.0654602584693778,1.0290411724213613,83.3,1.0,False,7.47,0.597,1.0097,4.284316088292543,4.389036,10.9,0.0,10.9,1.544,28.9,-0.8,punt,7.83,1.001,3.0,1.21,-0.424,Playmaker,1.2240903109407264,3.1142857142857143,0.0,1.890195403344988,220.0,Punt
Gabe Vincent,SG/PG,PG,6.87,3600,ATL,MIA,home,120.5,9.28,0.4808,11.5,0.6251022334067317,0.4990942963195974,1.032279972832943,1.0852002584693778,1.0290411724213613,62.5,1.0,False,4.42,0.711,1.0211,4.035968441398913,4.11306,10.2,0.0,10.2,1.527,20.7,-1.0,punt,5.76,1.001,2.77,1.09,-0.481,Combo Guard,1.1211023448330315,2.833333333333333,0.0,1.7122309885003015,223.0,Punt
Drew Timme,C,C,5.4,1800,LAL,LAC,away,116.0,6.86,0.8265,15.9,0.0,0.8265,0.9978793507075856,0.9906534537834428,1.0054468269524364,37.5,0.85,True,7.95,0.334,0.9834,3.7080420376869534,3.9394866,9.6,0.0,9.6,1.589,33.4,0.0,punt,7.888299999999999,1.001,2.82,2.22,0.057,Traditional Big,2.0600233542705295,5.333333333333333,0.0,3.2733099790628035,184.0,Punt
Tyson Etienne,PG,PG,12.11,3500,BKN,OKC,home,99.0,1.55,0.3605,20.5,0.0,0.3605,1.0257305829333614,0.9953353797324284,0.9139712164756272,16.7,0.85,True,2.71,0.584,1.0084,3.4916961159599937,3.16,8.2,0.3,7.899999999999999,1.348,5.0,0.0,punt,2.208,0.895,2.5,1.01,-0.519,Playmaker,0.9976274617028553,2.3428571428571425,0.08571428571428572,1.3452296811542872,226.0,Punt
Chaney Johnson,SF,,4.45,3500,BKN,OKC,home,99.0,0.0,1.0,20.0,0.0,1.0,1.0257305829333614,0.95164,0.9139712164756272,0.0,0.85,True,,0.214,0.9714,3.278049803055925,3.16,8.0,0.1,7.9,1.44,,,punt,17.25,1.078,2.07,0.84,-0.6,3-and-D Wing,0.9365856580159786,2.2857142857142856,0.028571428571428574,1.3491286276983072,227.0,Punt
Luke Kennard,SG/PG,SG,4.16,4500,LAL,LAC,away,116.0,15.59,0.7495,12.8,0.0,0.7495,0.9978793507075856,1.0138519407166404,1.0054468269524364,104.2,1.0,False,5.65,0.832,1.0332,3.276883833639819,3.6,8.7,0.0,8.7,1.655,31.8,1.2,value,7.34395,1.104,1.59,0.72,-0.822,Combo Guard,0.7281964074755154,1.9333333333333331,0.0,1.2051369258578177,233.0,Punt
Jalen Wilson,SF/PF,PF,5.73,3600,BKN,OKC,home,99.0,9.12,0.6333,17.0,0.0,0.6333,1.0257305829333614,0.9307325097458684,0.9139712164756272,75.0,1.0,False,6.47,0.627,1.0127,3.206532359287226,3.3308715,8.2,0.0,8.2,1.557,22.6,0.0,punt,7.003499999999999,1.001,2.44,0.96,-0.543,Combo Guard,0.8907034331353405,2.2777777777777777,0.0,1.387074344642437,228.0,Punt
Ochai Agbaji,SG,SG,5.17,3600,BKN,OKC,home,99.0,10.18,0.6443,13.1,0.0,0.6443,1.0257305829333614,0.9957638430008268,0.9139712164756272,91.7,1.0,False,7.86,0.611,1.0111,3.1440899385069123,3.16,7.9,0.0,7.9,1.513,22.1,-1.0,punt,7.969499999999999,1.003,2.23,0.88,-0.581,3-and-D Wing,0.8733583162519201,2.1944444444444446,0.0,1.3210861281925244,229.0,Punt
Terrence Shannon,SF,SF,5.33,3700,MIN,DAL,away,127.0,7.16,0.5594,16.1,0.0,0.5594,1.0030064809359482,0.9881387536827158,1.1224409340533406,45.8,0.9,True,,0.443,0.9943,2.968211120228276,3.16,7.7,0.0,7.7,1.594,,,punt,15.0,1.046,2.14,0.82,-0.61,3-and-D Wing,0.8022192216833178,2.081081081081081,0.0,1.2788618593977632,232.0,Punt
Blake Hinson,SF,,5.4,3600,UTA,MEM,home,117.5,12.7,0.508,13.2,5.111883432271992,0.6457110415542363,1.0232536906112906,0.96984,1.0385815721676477,2.1,0.85,True,10.0,0.1,0.96,2.9325549307904586,3.193496,7.7,0.0,7.7,1.626,12.7,12.7,punt,17.25,1.23,1.82,0.71,-0.662,3-and-D Wing,0.8145985918862385,2.138888888888889,0.0,1.3242902970026504,231.0,Punt
Nikola Topic,PG,,16.98,3800,OKC,BKN,away,116.5,1.7,0.1417,21.7,3.774378302219092,0.1589525614653046,1.0079279195405082,0.95164,0.98553251730746,2.1,0.85,True,,0.225,0.9725,2.109049992539193,3.16,6.8,0.0,6.8,2.224,,,punt,13.2,1.681,1.33,0.49,-0.767,3-and-D Wing,0.5550131559313666,1.7894736842105263,0.0,1.2344605282791599,234.0,Punt
Kobe Bufkin,PG,PG,4.22,1500,LAL,LAC,away,116.0,7.09,0.6008,17.0,0.0,0.6008,0.9978793507075856,1.0048438193360276,1.0054468269524364,12.5,0.85,True,10.32,0.1,0.96,2.0857787711802422,3.16,6.8,0.0,6.8,2.26,17.7,0.0,punt,6.50355,1.456,1.53,1.45,-0.31,Playmaker,1.3905191807868282,4.533333333333333,0.0,3.142814152546505,214.0,Punt
Enrique Freeman,PF,,2.6,3500,MIN,DAL,away,127.0,3.3,0.825,0.0,0.0,0.825,1.0030064809359482,0.9417,1.1224409340533406,4.2,0.85,True,0.0,0.521,1.0021,1.9370333163695423,3.16,6.7,0.0,6.7,2.459,4.2,2.4,punt,1.27,1.806,1.24,0.5,-0.762,3-and-D Wing,0.5534380903912978,1.9142857142857144,0.0,1.3608476238944165,235.0,Punt
Antonio Reeves,SG,SG,3.6,3500,CHA,CLE,home,111.5,4.59,0.5738,12.0,0.0,0.5738,1.013829627125707,0.9866116804546364,1.020728437847381,14.6,0.85,True,6.0,0.359,0.9859,1.7674058280105835,3.16,6.5,0.0,6.5,2.678,13.9,0.0,punt,6.6125,1.765,1.27,0.51,-0.757,Combo Guard,0.5049730937173096,1.8571428571428572,0.0,1.3521697634255474,236.0,Punt
Tosan Evbuomwan,SF,SF,6.34,3500,CHA,CLE,home,111.5,0.48,0.3,5.3,0.0,0.3,1.013829627125707,1.0162096480394485,1.020728437847381,10.4,0.85,True,0.89,0.552,1.0052,1.708993555666736,3.16,6.4,0.0,6.4,2.745,1.2,0.0,punt,0.759,1.859,1.2,0.49,-0.767,3-and-D Wing,0.4882838730476388,1.8285714285714287,0.0,1.3402875555237899,237.0,Punt
Trevor Keels,SG,,2.0,3500,MIA,ATL,away,124.0,0.0,1.0,20.0,0.0,1.0,0.9767463093887094,0.89116,1.1124512804154747,0.0,0.85,True,,0.214,0.9714,1.5990626687880154,3.0735424,6.2,0.0,6.2,2.877,,,punt,15.0,2.065,1.08,0.44,-0.79,3-and-D Wing,0.45687504822514724,1.7714285714285716,0.0,1.3145535232034242,239.0,Punt
Dalton Knecht,SF,SG,2.28,1500,LAL,LAC,away,116.0,7.65,0.6711,17.5,0.0,0.6711,0.9978793507075856,1.0138519407166404,1.0054468269524364,89.6,1.0,False,8.52,0.554,1.0053999999999998,1.5648497585289554,3.16,6.3,0.0,6.3,3.026,28.7,-1.0,punt,7.34395,2.026,1.1,1.04,-0.505,Combo Guard,1.043233172352637,4.2,0.0,3.1567668276473633,224.0,Punt
Adou Thiero,SF,SF,1.16,1500,LAL,LAC,away,116.0,4.27,0.7362,12.4,0.0,0.7362,0.9978793507075856,0.9485668999037496,1.0054468269524364,35.4,0.85,True,5.0,0.534,1.0034,0.6931894340484149,3.0917440000000003,5.3,0.0,5.3,6.646,13.4,0.0,punt,3.82955,4.329,0.52,0.49,-0.767,3-and-D Wing,0.46212628936560995,3.533333333333333,0.0,3.071207043967723,238.0,Punt
Buddy Boeheim,SG,,1.44,3500,OKC,BKN,away,116.5,3.0,0.5,21.7,3.774378302219092,0.5608770693906305,1.0079279195405082,0.95164,0.98553251730746,4.2,0.85,True,2.12,0.521,1.0021,0.6503292483590223,3.16,5.4,0.0,5.4,7.303,3.0,3.0,punt,0.0,5.448,0.41,0.17,-0.919,3-and-D Wing,0.18580835667400636,1.542857142857143,0.0,1.3570487861831366,240.0,Punt
