player_name,fd_position,true_position,projected_min,salary,team,opponent,location,implied_total,fp_pg,fp_per_min,usg_pct,usg_boost,fppm_adj,ref_weight,dvp_weight,line_weight,games_pct,gp_weight,low_gp_flag,min_sd,omega,omega_weight,proj_fp,fp_sd,ceiling,floor,fp_range,upside_ratio,hist_max_fp,hist_min_fp,tier,raw_fp_sd,tier_cv,tier_expected_sd,value_ratio,value_vs_tier,archetype
Luka Doncic,PG,PG,36.78,12300,LAL,GS,away,117.0,56.56,1.5843,37.7,0.0,1.5843,0.9985873623730265,1.0289270143721019,1.0141144720123711,95.8,1.0,False,,0.693,1.0192999999999999,61.8883333027482,14.6240835,83.8,47.3,36.5,0.354,,,stud,14.325,0.233,16.86,5.04,0.108,Playmaker
Isaiah Collier,PG,SG,40.0,7700,UTA,NO,home,119.5,26.45,1.0332,19.3,5.7491589799240375,1.2486415409658165,1.0227961372527405,1.046291979375145,1.0562595563747565,106.2,1.0,False,8.11,0.666,1.0166,57.393208289141306,15.4052275,80.5,42.0,38.5,0.403,63.0,1.5,mid_high,14.95,0.266,17.93,7.3,0.46,Playmaker
Amen Thompson,SG/PG,PG,37.69,8300,HOU,MIA,away,114.0,38.07,1.0289,20.1,2.0938171611868484,1.1039263648757016,1.0095639099942169,1.0572651601045664,1.008724415960306,116.7,1.0,False,4.12,0.9,1.04,46.589693517765376,8.5489125,59.4,38.0,21.4,0.275,54.5,14.3,mid_high,8.308499999999999,0.182,14.57,5.5,0.1,Scoring Wing
Scottie Barnes,PF/SF,PF,30.69,9500,TOR,WAS,away,121.5,43.54,1.2694,24.2,1.1829968119022318,1.3128374920297556,0.9801867937209977,1.0322819313645664,1.080260440148044,118.8,1.0,False,3.29,0.9,1.04,45.80119858532134,13.96,66.7,31.8,34.900000000000006,0.456,77.0,15.6,stud,13.961,0.28,13.57,5.25,0.154,Point Forward
LaMelo Ball,PG,PG,30.07,8600,CHA,POR,away,118.0,37.11,1.3495,31.9,0.0,1.3495,0.9860319370491141,1.01629893085645,1.0802327862420715,104.2,1.0,False,4.87,0.887,1.0387,45.62745584675004,13.51,65.9,32.1,33.800000000000004,0.444,78.1,17.4,mid_high,13.5125,0.297,14.51,5.29,0.058,Playmaker
John Konchar,SF/SG,SF,39.07,5500,UTA,NO,home,119.5,14.31,0.8888,9.0,2.6809549647314164,1.0741314378730333,1.0227961372527405,0.9874192926470293,1.0562595563747565,77.1,1.0,False,6.12,0.663,1.0163,45.49714063699281,11.8220176,63.2,33.7,29.5,0.389,33.9,0.0,mid,9.809499999999998,0.262,19.01,8.27,0.834,3-and-D Wing
Derik Queen,PF/C,C,29.77,6100,NO,UTA,away,126.0,30.16,1.1735,21.7,0.0,1.1735,1.0483905260717212,1.067215198990074,1.1164265246814478,122.9,1.0,False,6.83,0.841,1.0341,45.12629751075403,12.472075,63.8,32.7,31.099999999999994,0.414,65.0,3.6,mid,12.1,0.261,19.35,7.59,0.683,Versatile Big
LeBron James,PF/SF,SF,33.62,8400,LAL,GS,away,117.0,40.94,1.2257,28.2,0.0,1.2257,0.9985873623730265,1.0093733149621014,1.0141144720123711,83.3,1.0,False,2.81,0.9,1.04,43.806655702964036,11.28,60.7,32.5,28.200000000000003,0.386,59.6,11.5,mid_high,10.5623,0.242,14.84,5.54,0.108,Point Forward
Alperen Sengun,C/PF,C,28.11,9900,HOU,MIA,away,114.0,45.04,1.3365,26.9,2.802173215717722,1.4339562510024058,1.0095639099942169,1.035449095523552,1.008724415960306,106.2,1.0,False,6.72,0.765,1.0265,43.630561670879715,13.345199999999998,63.6,30.3,33.3,0.458,79.6,1.2,stud,13.2172,0.293,12.25,4.55,0.0,Traditional Big
Brandon Miller,SF/SG,SF,33.1,7900,CHA,POR,away,118.0,34.14,1.138,30.1,0.0,1.138,0.9860319370491141,1.0179959225712323,1.0802327862420715,89.6,1.0,False,6.19,0.72,1.022,41.742218429184675,12.45,60.4,29.3,31.099999999999998,0.447,55.0,3.5,mid_high,12.385499999999999,0.304,13.05,5.18,0.036,Scoring Wing
Austin Reaves,SG/SF,SG,34.72,8000,LAL,GS,away,117.0,39.75,1.183,28.4,0.0,1.183,0.9985873623730265,0.9968179181745653,1.0141144720123711,66.7,1.0,False,7.03,0.546,1.0046,41.65302211216998,14.0,62.7,27.7,35.0,0.505,81.7,15.7,mid_high,14.18175,0.328,13.62,5.34,0.068,Combo Guard
Bam Adebayo,C/PF,C,29.46,8200,MIA,HOU,home,112.5,37.91,1.2112,24.0,2.378789938817131,1.2952347192386133,1.0227961372527405,1.003130816232392,1.009280395538233,108.3,1.0,False,5.43,0.868,1.0368,40.96705049851295,10.92,57.3,30.0,27.299999999999997,0.399,59.3,3.2,mid_high,10.92,0.263,13.22,5.05,0.01,Stretch 5
Immanuel Quickley,PG/SG,PG,31.83,7200,TOR,WAS,away,121.5,33.61,1.0342,21.5,1.0510095642933053,1.0695892029755578,0.9801867937209977,1.0875793626409431,1.080260440148044,116.7,1.0,False,3.01,0.9,1.04,40.774182771594816,11.000338500000002,57.3,29.8,27.499999999999996,0.405,60.4,16.3,mid_high,10.487999999999998,0.253,13.21,5.75,0.15,Playmaker
Zion Williamson,PF,PF,25.3,8900,NO,UTA,away,126.0,37.25,1.2458,27.2,0.0,1.2458,1.0483905260717212,1.0649542407479,1.1164265246814478,91.7,1.0,False,4.35,0.862,1.0362,40.70957953482245,11.17333,57.5,29.5,28.0,0.412,59.6,7.8,mid_high,10.55,0.246,14.04,4.95,-0.01,Versatile Big
Kyle Filipowski,PF/C,C,27.16,7500,UTA,NO,home,119.5,23.37,1.0527,18.9,5.630005425935974,1.2722076559956592,1.0227961372527405,1.0605787415100743,1.0562595563747565,120.8,1.0,False,7.59,0.776,1.0276,40.68314458401536,14.075694,61.8,26.6,35.199999999999996,0.519,51.6,3.9,mid_high,13.7655,0.316,13.92,5.82,0.164,Stretch 5
Brandon Ingram,SF/PF,SF,31.22,8100,TOR,WAS,away,121.5,36.76,1.0812,27.3,1.3345377258235922,1.1181974920297555,0.9801867937209977,1.0406886481848558,1.080260440148044,118.8,1.0,False,4.39,0.9,1.04,40.00763582132741,10.722827500000001,56.1,29.3,26.8,0.402,50.3,14.0,mid_high,10.511,0.253,13.28,5.14,0.028,Scoring Wing
Jrue Holiday,PG,PG,31.42,7000,POR,CHA,home,111.5,31.45,1.1035,23.6,4.223577950625635,1.2417416435576598,1.0198132062790024,0.9521998346589134,1.0119935170178282,64.6,1.0,False,6.08,0.603,1.0103,38.73595285043823,11.953216800000002,56.7,26.8,29.900000000000002,0.464,57.3,9.4,mid_high,11.481,0.287,13.62,6.1,0.22,Playmaker
Kon Knueppel,SF/SG,SF,31.7,7600,CHA,POR,away,118.0,31.63,0.9915,22.4,0.0,0.9915,0.9860319370491141,1.0571259225712324,1.0802327862420715,122.9,1.0,False,5.34,0.9,1.04,36.806148911027464,12.057749999999999,54.9,24.7,30.2,0.492,50.5,6.1,mid_high,11.6495,0.33,11.25,4.64,-0.072,Shooting Wing
Tidjane Salaun,PF,PF,36.24,3600,CHA,POR,away,118.0,14.06,0.8626,14.7,0.0,0.8626,0.9860319370491141,1.0954497244315224,1.0802327862420715,72.9,1.0,False,,0.579,1.0079,36.763417362240276,21.088275,68.4,15.7,52.7,0.861,,,punt,17.25,0.566,25.55,9.57,3.833,3-and-D Wing
Tyler Herro,SG/PG,SG,34.68,6700,MIA,HOU,home,112.5,34.05,1.1275,26.3,2.6067573079537727,1.205727498300476,1.0227961372527405,0.9851705971255795,1.009280395538233,31.2,0.85,True,3.24,0.639,1.0139,36.648369849508526,12.69,55.7,24.0,31.700000000000003,0.52,49.5,22.9,mid,7.64,0.354,14.99,5.35,0.186,Playmaker
Jeremiah Fears,PG/SG,PG,27.62,5300,NO,UTA,away,126.0,24.94,0.978,24.7,0.0,0.978,1.0483905260717212,1.075383133392827,1.1164265246814478,125.0,1.0,False,5.6,0.9,1.04,35.36000541156634,9.8019265,50.1,25.6,24.5,0.417,46.3,6.1,mid,9.41,0.28,14.02,6.33,0.404,Playmaker
RJ Barrett,SG/SF,SG,28.24,6900,TOR,WAS,away,121.5,31.23,1.0586,25.3,1.2367693942614242,1.0948241445270988,0.9801867937209977,1.0340796933231162,1.080260440148044,72.9,1.0,False,4.35,0.768,1.0268,34.76051864663946,9.620957500000001,49.2,25.1,24.1,0.415,46.6,22.4,mid,7.337,0.262,15.07,5.23,0.16,Scoring Wing
Brandin Podziemski,SG/PG,SG,33.81,7300,GS,LAL,home,113.5,26.25,0.9651,19.2,0.0,0.9651,0.9964807084058058,1.0383815709219566,0.9839845023687593,122.9,1.0,False,5.06,0.9,1.04,34.551344445482705,8.847476,47.8,25.7,22.099999999999998,0.383,44.1,4.1,mid_high,8.63,0.26,10.6,4.55,-0.09,Playmaker
PJ Hall,C,C,33.79,3600,CHA,POR,away,118.0,11.23,0.9938,17.3,0.0,0.9938,0.9860319370491141,1.1152572645873209,1.0802327862420715,39.6,0.85,True,7.01,0.412,0.9912,33.60862928506819,18.878949000000002,61.9,14.7,47.2,0.842,26.5,-1.0,punt,9.889999999999999,0.576,22.69,8.49,3.288,Traditional Big
Andrew Wiggins,SF/PF,SF,29.18,6800,MIA,HOU,home,112.5,31.12,0.9974,20.1,1.9922365737593473,1.0666009816451392,1.0227961372527405,0.9854926316144201,1.009280395538233,112.5,1.0,False,4.18,0.9,1.04,32.92872415906585,8.38,45.5,24.5,21.0,0.382,52.2,15.6,mid,8.38,0.264,13.27,4.67,0.035,3-and-D Wing
Davion Mitchell,PG,PG,32.67,4800,MIA,HOU,home,112.5,24.72,0.8613,13.3,1.3182460910944933,0.9210581767505099,1.0227961372527405,0.991972796281522,1.009280395538233,102.1,1.0,False,4.8,0.882,1.0382,31.990269617479637,8.66,45.0,23.3,21.7,0.407,49.2,2.9,value,8.66,0.366,10.76,4.94,0.086,Playmaker
Tristan Vukcevic,C,C,25.26,5000,WAS,TOR,home,108.0,15.01,1.1819,26.3,2.439949510886715,1.2586545029977911,1.013968062950886,1.0174160716841312,0.9635722175157904,77.1,1.0,False,7.58,0.558,1.0058,31.78766671354373,12.56,50.6,19.2,31.400000000000002,0.592,37.8,-1.0,mid,12.535,0.415,12.65,6.05,0.341,Traditional Big
Saddiq Bey,SF/PF,PF,25.38,6800,NO,UTA,away,126.0,30.01,0.9807,21.2,0.0,0.9807,1.0483905260717212,1.0421342407479,1.1164265246814478,110.4,1.0,False,5.17,0.897,1.0396999999999998,31.565504608292592,11.686464,49.1,19.9,29.200000000000003,0.555,50.3,3.4,mid,11.52,0.379,12.71,4.47,-0.009,Stretch 4
Deandre Ayton,C,C,29.9,5100,LAL,GS,away,117.0,27.63,0.9833,17.0,0.0,0.9833,0.9985873623730265,1.006305450553262,1.0141144720123711,104.2,1.0,False,5.76,0.824,1.0324,30.932006609438485,12.810339800000001,50.1,18.1,32.0,0.62,59.1,8.0,mid,12.8925,0.365,14.78,6.93,0.537,Traditional Big
Kris Murray,SF,SG,37.64,4700,POR,CHA,home,111.5,16.48,0.6514,10.7,1.9149272911734867,0.7330045370307744,1.0198132062790024,1.0422169754865944,1.0119935170178282,79.2,1.0,False,5.04,0.75,1.025,30.418419682073335,9.087962,44.1,21.3,22.8,0.45,30.3,5.6,value,7.51425,0.289,13.88,6.5,0.429,3-and-D Wing
Herbert Jones,SF/PF,SG,29.94,5600,NO,UTA,away,126.0,22.48,0.7779,14.9,0.0,0.7779,1.0483905260717212,1.098135820120943,1.1164265246814478,77.1,1.0,False,6.51,0.635,1.0135,30.339513495215012,11.94105,48.3,18.4,29.9,0.592,52.1,5.7,mid,10.67,0.38,12.09,5.17,0.146,3-and-D Wing
Kel'el Ware,C/PF,C,20.68,5500,MIA,HOU,home,112.5,27.51,1.2505,18.5,1.833650577838205,1.3372614072059823,1.0227961372527405,1.003130816232392,1.009280395538233,116.7,1.0,False,7.75,0.744,1.0244,29.335595207892737,12.67,48.3,16.7,31.599999999999998,0.646,52.8,4.6,mid,12.67,0.461,11.49,5.0,0.109,Stretch 5
Donovan Clingan,C,C,20.68,7700,POR,CHA,home,111.5,33.75,1.2228,15.9,2.8455461616503217,1.375987024687183,1.0198132062790024,0.9414110755726819,1.0119935170178282,114.6,1.0,False,4.65,0.9,1.04,28.752517585679556,11.7729502,46.4,17.0,29.4,0.614,64.1,9.8,mid_high,12.427,0.358,11.07,4.51,-0.098,Stretch 5
Jerami Grant,PF/SF,PF,25.3,6500,POR,CHA,home,111.5,28.35,0.9676,24.3,4.348853567805208,1.0888166871829557,1.0198132062790024,0.9555928196128267,1.0119935170178282,91.7,1.0,False,5.82,0.757,1.0257,27.86550285885038,10.210486,43.2,17.7,25.500000000000004,0.55,46.8,5.9,mid,10.255499999999998,0.347,12.6,4.64,0.029,Shooting Wing
Kevin Love,PF,PF,20.68,4100,UTA,NO,home,119.5,17.73,1.0308,16.6,4.944872490504612,1.2457410960390665,1.0227961372527405,0.9810036365192036,1.0562595563747565,66.7,1.0,False,5.54,0.652,1.0151999999999999,27.71789740241706,11.2475111,44.6,16.5,28.1,0.609,42.7,1.2,value,10.2465,0.378,13.67,7.34,0.613,Versatile Big
Ace Bailey,SG/SF,SF,24.3,5900,UTA,NO,home,119.5,21.85,0.8245,19.5,5.808735756918069,0.9964236842105263,1.0227961372527405,1.0203892926470295,1.0562595563747565,108.3,1.0,False,7.79,0.699,1.0199,27.222846248448914,11.09,43.9,16.1,27.799999999999997,0.613,42.4,3.9,mid,11.086,0.413,11.23,4.55,0.009,Shooting Wing
Josh Okogie,SG/SF,SG,40.0,3700,HOU,MIA,away,114.0,12.73,0.6495,11.6,1.2083720930232558,0.6968608941459502,1.0095639099942169,0.9349799526634059,1.008724415960306,114.6,1.0,False,7.67,0.739,1.0239,27.175170473289818,7.521685,38.5,19.7,18.8,0.417,27.6,-1.0,punt,7.754599999999999,0.265,21.69,7.9,2.99,3-and-D Wing
Coby White,SG/PG,SG,24.33,5100,CHA,POR,away,118.0,28.87,1.0238,27.5,0.0,1.0238,0.9860319370491141,1.003475097887754,1.0802327862420715,64.6,1.0,False,4.77,0.697,1.0197,27.148421867178982,11.19,43.9,16.0,27.9,0.617,43.8,3.0,mid,11.051499999999999,0.409,11.44,5.36,0.188,Combo Guard
Tari Eason,SF/PF,SF,26.64,6300,HOU,MIA,away,114.0,25.56,0.9793,19.2,2.0000641539695265,1.0507095821972734,1.0095639099942169,0.9356369832636959,1.008724415960306,75.0,1.0,False,6.03,0.659,1.0159,27.094528866074313,9.3074786,41.1,17.8,23.3,0.517,43.1,9.2,mid,8.594999999999999,0.319,12.57,4.77,0.058,3-and-D Wing
Clint Capela,C,C,19.98,3800,HOU,MIA,away,114.0,13.28,1.1254,13.3,1.3854611066559743,1.2074630489174016,1.0095639099942169,1.035449095523552,1.008724415960306,108.3,1.0,False,5.56,0.859,1.0359,26.352527136089765,8.21943,38.7,18.1,20.6,0.469,40.6,1.7,punt,8.127049999999999,0.27,22.37,7.93,3.005,Traditional Big
Bub Carrington,PG,PG,29.49,4900,WAS,TOR,home,108.0,21.44,0.7712,17.5,1.623540549069107,0.8212829788576839,1.013968062950886,1.0778762207970298,0.9635722175157904,120.8,1.0,False,6.83,0.83,1.033,26.34786035415771,9.5513495,40.7,16.8,23.900000000000002,0.545,46.2,4.7,value,9.131,0.358,11.59,5.21,0.145,Playmaker
De'Anthony Melton,PG/SG,PG,23.38,6000,GS,LAL,home,113.5,23.93,1.0779,25.6,0.0,1.0779,0.9964807084058058,1.0238332436202182,0.9839845023687593,64.6,1.0,False,3.22,0.807,1.0307,26.076039808406307,8.5,38.8,17.6,21.199999999999996,0.488,37.7,9.0,mid,7.77,0.361,9.84,3.92,-0.131,Scoring Wing
Elijah Harkless,SG,SG,27.62,4200,UTA,NO,home,119.5,9.42,0.8722,13.0,3.8724905046120455,1.0540700271296797,1.0227961372527405,0.9870719793751451,1.0562595563747565,20.8,0.85,True,6.65,0.343,0.9843,25.974554235963378,9.6012463,40.4,16.4,24.0,0.555,12.1,0.0,value,4.6575,0.371,11.82,6.2,0.363,Combo Guard
Kyshawn George,SF/SG,SF,22.78,5600,WAS,TOR,home,108.0,30.94,1.0524,22.7,2.1059640265067845,1.1207445629536132,1.013968062950886,1.0032804557897825,0.9635722175157904,95.8,1.0,False,5.45,0.804,1.0304,25.786779598905085,14.79,48.0,11.0,37.0,0.861,63.2,10.4,mid,15.363999999999999,0.626,9.88,4.22,-0.064,Scoring Wing
Toumani Camara,SF/PF,PF,27.02,5700,POR,CHA,home,111.5,25.56,0.763,16.2,2.899235711870139,0.8585852959080149,1.0198132062790024,1.0328028196128267,1.0119935170178282,125.0,1.0,False,4.33,0.9,1.04,25.716858033358257,8.949160000000001,39.1,16.8,22.3,0.52,41.1,5.3,mid,8.80425,0.337,10.93,4.59,0.018,Stretch 4
Moses Moody,SF/SG,SF,27.22,5800,GS,LAL,home,113.5,22.08,0.8659,17.9,0.0,0.8659,0.9964807084058058,1.0640207773468844,0.9839845023687593,118.8,1.0,False,6.35,0.855,1.0354999999999999,25.46321435430122,10.776937499999999,41.6,14.7,26.900000000000002,0.634,51.1,4.7,mid,10.35,0.417,10.38,4.28,-0.051,Shooting Wing
Caleb Love,SG/PG,PG,26.18,3700,POR,CHA,home,111.5,19.05,0.8581,23.0,4.116198850186,0.9655990071017924,1.0198132062790024,0.9533898346589135,1.0119935170178282,93.8,1.0,False,8.98,0.542,1.0042,24.977878504404234,11.871522,42.8,13.1,29.699999999999996,0.714,43.9,-1.0,punt,11.652999999999999,0.46,19.59,7.14,2.606,Shooting Wing
Pelle Larsson,SF/SG,SF,26.68,5300,MIA,HOU,home,112.5,20.88,0.8419,15.9,1.5759483344663494,0.9003121781101291,1.0227961372527405,0.9854926316144201,1.009280395538233,102.1,1.0,False,7.62,0.68,1.018,24.876027376667324,11.54,42.2,13.3,28.900000000000002,0.696,49.4,0.0,mid,11.54,0.471,10.24,4.62,0.024,3-and-D Wing
Draymond Green,PF/C,PF,26.51,5400,GS,LAL,home,113.5,24.49,0.9207,17.0,0.0,0.9207,0.9964807084058058,1.005419159088334,0.9839845023687593,100.0,1.0,False,6.09,0.779,1.0279,24.733355936544747,8.76,37.9,16.0,21.9,0.532,41.4,5.9,mid,8.76,0.351,10.43,4.62,0.024,Versatile Big
Ryan Kalkbrenner,C,C,20.68,4000,CHA,POR,away,118.0,21.8,0.9561,11.6,0.0,0.9561,0.9860319370491141,1.1152572645873209,1.0802327862420715,100.0,1.0,False,5.62,0.813,1.0312999999999999,24.22268421332036,10.693071,40.3,13.5,26.799999999999997,0.664,39.8,2.0,value,9.982,0.411,11.02,6.07,0.334,Traditional Big
Gui Santos,SF/PF,PF,25.3,6700,GS,LAL,home,113.5,15.49,0.9681,16.3,0.0,0.9681,0.9964807084058058,0.9996791590883338,0.9839845023687593,100.0,1.0,False,8.82,0.584,1.0084,24.209809393462656,10.98,40.7,13.2,27.500000000000004,0.681,35.3,-1.0,mid,10.98,0.482,9.52,3.4,-0.246,Stretch 4
Marcus Smart,SG/SF,SG,31.64,4000,LAL,GS,away,117.0,20.26,0.7159,15.9,0.0,0.7159,0.9985873623730265,1.0090679181745654,1.0141144720123711,100.0,1.0,False,5.21,0.842,1.0342,23.937942268930254,8.65,36.9,15.3,21.599999999999998,0.541,43.3,7.6,value,8.6523,0.366,10.72,5.9,0.297,Shooting Wing
Tre Johnson,SG/PG,SG,26.08,4600,WAS,TOR,home,108.0,20.39,0.8357,21.7,2.0131902808456927,0.8899717134742822,1.013968062950886,1.000653849196884,0.9635722175157904,93.8,1.0,False,5.33,0.803,1.0303,23.379752338941643,8.14,35.6,15.2,20.400000000000002,0.523,34.9,6.5,value,8.0155,0.368,10.05,4.81,0.057,Shooting Wing
A.J. Lawson,SG,SG,27.62,3700,TOR,WAS,away,121.5,7.46,0.8881,19.2,0.938575982996812,0.9184898193411265,0.9801867937209977,1.010559693323116,1.080260440148044,27.1,0.85,True,5.29,0.472,0.9972,23.009040470551913,13.92,43.9,9.1,34.8,0.908,16.7,0.2,punt,6.2215,0.6,17.21,6.27,2.167,Combo Guard
Kevin Durant,SF/PF,SF,17.05,9300,HOU,MIA,away,114.0,41.23,1.1265,27.5,2.8646752205292696,1.2086432598235766,1.0095639099942169,1.044626983263696,1.008724415960306,114.6,1.0,False,4.71,0.9,1.04,22.79940150624083,7.304125,33.8,15.5,18.299999999999997,0.482,58.3,16.7,stud,8.62365,0.293,6.59,2.61,-0.426,Scoring Wing
Al Horford,C,C,20.68,4600,GS,LAL,home,113.5,22.33,1.0533,16.2,0.0,1.0533,0.9964807084058058,1.0064626782770294,0.9839845023687593,77.1,1.0,False,4.44,0.783,1.0283,22.104326308210123,8.07,34.2,14.0,20.200000000000003,0.547,38.8,8.8,value,7.64,0.385,9.51,4.55,0.0,Versatile Big
Jakob Poeltl,C,C,19.31,5400,TOR,WAS,away,121.5,23.96,0.9661,14.4,0.7039319872476091,0.9991588947927735,0.9801867937209977,1.1185424175887704,1.080260440148044,52.1,0.95,True,5.99,0.547,1.0047,21.810550006378165,11.921839999999998,39.7,9.9,29.800000000000004,0.82,40.7,3.4,mid,11.994499999999999,0.453,10.34,4.58,0.016,Traditional Big
DeAndre Jordan,C,C,20.68,4500,NO,UTA,away,126.0,18.2,1.0111,10.6,0.0,1.0111,1.0483905260717212,1.030395198990074,1.1164265246814478,10.4,0.85,True,0.71,0.552,1.0051999999999999,21.54632025889169,9.22,35.4,12.3,23.099999999999998,0.643,13.0,7.0,value,4.24,0.369,11.35,5.56,0.222,Traditional Big
Collin Murray-Boyles,PF/C,PF,18.57,5500,TOR,WAS,away,121.5,21.1,0.9462,14.4,0.7039319872476091,0.9785779383634432,0.9801867937209977,1.1036819313645665,1.080260440148044,97.9,1.0,False,8.15,0.622,1.0122,21.495864162726562,15.030033999999997,44.0,6.5,37.5,1.047,55.5,1.2,mid,15.122499999999999,0.626,9.43,4.1,-0.091,Traditional Big
Tristen Newton,PG,,26.46,3500,HOU,MIA,away,114.0,0.0,1.0,20.0,2.0834001603849237,1.0729190056134723,1.0095639099942169,0.8862599999999999,1.008724415960306,0.0,0.85,True,,0.214,0.9713999999999999,21.156377203225883,13.995186799999999,42.1,7.2,34.9,0.99,,,punt,14.325,0.74,14.46,5.57,1.813,3-and-D Wing
Bilal Coulibaly,SF/PF,SG,20.35,5700,WAS,TOR,home,108.0,25.08,0.9609,17.9,1.6606500473335437,1.0233024045440202,1.013968062950886,1.0036638491968841,0.9635722175157904,79.2,1.0,False,5.11,0.745,1.0245,20.920747524399566,10.82,37.2,10.1,27.1,0.778,42.6,5.4,mid,11.4885,0.546,8.28,3.48,-0.228,3-and-D Wing
Reed Sheppard,PG/SG,SG,16.98,6200,HOU,MIA,away,114.0,25.32,1.0169,21.9,2.281323175621491,1.0910513368083399,1.0095639099942169,1.0399799526634061,1.008724415960306,120.8,1.0,False,5.57,0.9,1.04,20.405513516929314,10.002525,35.4,10.4,25.0,0.735,56.3,9.8,mid,9.75055,0.517,7.88,3.04,-0.326,Playmaker
Jaime Jaquez,SF/PF,SF,17.05,5600,MIA,HOU,home,112.5,29.66,1.0371,22.1,2.1904690686607746,1.1090554221617948,1.0227961372527405,0.9854926316144201,1.009280395538233,114.6,1.0,False,,0.787,1.0287,19.7888552036303,15.0,42.3,4.8,37.5,1.138,,,mid,15.0,0.572,10.96,4.68,0.038,3-and-D Wing
Jamal Shead,PG/SG,PG,16.98,4200,TOR,WAS,away,121.5,19.53,0.8797,16.2,0.7919234856535601,0.9098023804463337,0.9801867937209977,1.0875793626409431,1.080260440148044,122.9,1.0,False,5.73,0.9,1.04,18.50190178154189,9.416877000000001,32.6,9.1,23.5,0.762,39.3,5.9,value,8.981499999999999,0.44,9.27,4.86,0.068,Playmaker
Rui Hachimura,SF/PF,PF,26.83,4000,LAL,GS,away,117.0,19.13,0.6485,15.2,0.0,0.6485,0.9985873623730265,1.0125269910407975,1.0141144720123711,97.9,1.0,False,6.07,0.77,1.027,18.32233214449424,7.54,29.6,10.8,18.8,0.616,38.3,1.2,value,7.5063,0.384,8.92,4.91,0.079,Shooting Wing
Bryce McGowens,SG,SG,18.91,3900,NO,UTA,away,126.0,14.6,0.7087,14.2,0.0,0.7087,1.0483905260717212,1.098135820120943,1.1164265246814478,75.0,1.0,False,9.36,0.421,0.9921,17.08908079831817,11.3640765,34.1,5.7,28.400000000000002,0.995,40.4,0.0,punt,10.49,0.76,10.17,3.51,0.773,Shooting Wing
Scoot Henderson,PG,,16.98,5600,POR,CHA,home,111.5,23.26,1.0157,27.3,4.885749070003382,1.1429424443692933,1.0198132062790024,0.99427,1.0119935170178282,16.7,0.85,True,0.82,0.584,1.0084,17.069331283967134,5.705677499999999,25.6,11.4,14.200000000000001,0.5,28.5,19.2,mid,4.6655,0.391,5.93,2.53,-0.439,3-and-D Wing
Jaxson Hayes,C,C,18.36,3900,LAL,GS,away,117.0,15.33,0.881,12.3,0.0,0.881,0.9985873623730265,1.006305450553262,1.0141144720123711,100.0,1.0,False,5.81,0.799,1.0299,16.97643575888024,6.897110800000001,27.3,10.1,17.200000000000003,0.608,41.4,2.2,punt,6.942849999999999,0.387,13.31,4.6,1.323,Traditional Big
Pat Spencer,PG,PG,16.98,5600,GS,LAL,home,113.5,15.24,0.9236,18.7,0.0,0.9236,0.9964807084058058,1.047773243620218,0.9839845023687593,89.6,1.0,False,10.71,0.448,0.9947999999999999,16.028092656578178,10.416032,31.7,5.6,26.1,0.978,44.1,0.0,mid,12.65,0.626,6.78,2.9,-0.357,Playmaker
Tre Mann,SG/PG,PG,16.98,3800,CHA,POR,away,118.0,13.41,0.8541,23.0,0.0,0.8541,0.9860319370491141,1.01629893085645,1.0802327862420715,81.2,1.0,False,7.58,0.579,1.0079,15.823175968548112,10.86,32.1,5.0,27.1,1.029,40.3,0.0,punt,10.924999999999999,0.763,10.56,3.74,0.889,Playmaker
Dru Smith,SG,PG,12.77,3700,MIA,HOU,home,112.5,17.67,1.0456,15.3,1.5164785859959211,1.1181451638341264,1.0227961372527405,0.990922796281522,1.009280395538233,120.8,1.0,False,4.44,0.9,1.04,15.190188475869657,8.67,28.2,6.5,21.7,0.856,43.5,2.2,punt,8.67,0.985,6.53,2.38,0.202,3-and-D Wing
Brice Sensabaugh,SF/SG,SF,11.81,5500,UTA,NO,home,119.5,20.0,0.905,22.7,6.7619641888225726,1.0937094411285946,1.0227961372527405,1.0203892926470295,1.0562595563747565,116.7,1.0,False,7.93,0.731,1.0231,14.567853535875575,9.7,29.1,4.9,24.200000000000003,0.998,56.0,2.0,mid,11.4195,0.626,6.47,2.82,-0.375,Shooting Wing
Vladislav Goldin,C,C,11.31,3500,MIA,HOU,home,112.5,5.6,1.4,10.1,1.0010740992522091,1.4971339225016995,1.0227961372527405,0.983040816232392,1.009280395538233,4.2,0.85,True,4.24,0.432,0.9932,14.50612312482415,10.0277168,29.5,4.5,25.0,1.034,9.7,1.5,punt,5.8,0.627,12.04,4.63,1.338,Traditional Big
Jonathan Mogbo,C,C,16.7,3500,TOR,WAS,away,121.5,4.72,0.7867,11.1,0.5426142401700319,0.813620021253985,0.9801867937209977,1.1185424175887704,1.080260440148044,47.9,0.9,True,6.22,0.51,1.001,14.497878717053705,8.494311,27.2,6.0,21.2,0.876,15.8,-0.8,punt,4.991,0.552,10.72,4.13,1.086,Traditional Big
Kasparas Jakucionis,PG,PG,16.13,3800,MIA,HOU,home,112.5,13.52,0.7953,13.4,1.3281577158395648,0.8504790061182868,1.0227961372527405,0.991972796281522,1.009280395538233,68.8,1.0,False,,0.558,1.0058,14.128962591531524,15.11,36.8,0.0,36.8,1.605,,,punt,15.0,0.73,15.36,5.45,1.753,Playmaker
Alijah Martin,SG,SG,16.02,3500,TOR,WAS,away,121.5,6.72,0.896,17.7,0.865249734325186,0.9266601487778958,0.9801867937209977,1.010559693323116,1.080260440148044,27.1,0.85,True,8.19,0.265,0.9764999999999999,13.184797465035661,10.43,28.8,2.8,26.0,1.184,37.1,0.0,punt,11.7415,0.784,9.87,3.8,0.919,Combo Guard
Karlo Matkovic,C,PF,9.89,4400,NO,UTA,away,126.0,13.53,0.9876,12.9,0.0,0.9876,1.0483905260717212,1.1059042407479,1.1164265246814478,97.9,1.0,False,,0.704,1.0204,12.900857558273412,10.095615,28.0,2.8,25.2,1.17,,,value,15.0,0.72,5.87,2.94,-0.354,3-and-D Wing
Cody Williams,SF,SF,16.14,3900,UTA,NO,home,119.5,12.33,0.6134,13.0,3.8724905046120455,0.741305382528486,1.0227961372527405,0.9874192926470293,1.0562595563747565,93.8,1.0,False,9.0,0.54,1.004,12.814325029436317,9.798786400000001,27.5,3.0,24.5,1.146,33.7,-1.0,punt,9.982,0.878,8.35,2.89,0.46,3-and-D Wing
Liam McNeeley,SF,SF,17.05,3500,CHA,POR,away,118.0,8.32,0.682,14.0,0.0,0.682,0.9860319370491141,1.0571259225712324,1.0802327862420715,58.3,0.95,True,5.74,0.596,1.0096,12.55789258551154,8.041949999999998,24.6,4.5,20.1,0.959,23.8,-0.8,punt,7.175999999999999,0.67,8.61,3.31,0.672,Shooting Wing
Simone Fontecchio,SF/PF,PF,12.07,3700,MIA,HOU,home,112.5,15.79,0.9343,19.8,1.9625016995241331,0.9991230169952412,1.0227961372527405,0.9307439905326812,1.009280395538233,116.7,1.0,False,7.28,0.778,1.0278,11.908745249277708,8.317198999999999,24.4,3.6,20.799999999999997,1.049,35.0,0.0,punt,8.69,0.495,13.01,4.74,1.394,Stretch 4
Trevor Keels,SG,,22.24,3500,MIA,HOU,home,112.5,1.2,0.6,40.4,4.0042963970088365,0.6416288239292999,1.0227961372527405,0.94114,1.009280395538233,2.1,0.85,True,,0.225,0.9724999999999999,11.45993971162933,9.56,25.8,1.9,23.900000000000002,1.251,,,punt,15.0,0.981,7.23,2.79,0.409,3-and-D Wing
Robert Williams,C,C,7.52,5500,POR,CHA,home,111.5,21.45,1.316,12.4,2.2191680757524517,1.4808627122083193,1.0198132062790024,0.9540110755726818,1.0119935170178282,85.4,1.0,False,4.69,0.806,1.0306,11.299898830804791,7.510580000000001,22.6,3.8,18.8,1.0,39.3,3.6,mid,9.761,0.626,5.14,2.24,-0.503,Traditional Big
Quinten Post,C,C,11.31,3900,GS,LAL,home,113.5,16.4,0.948,18.4,0.0,0.948,0.9964807084058058,1.0134626782770295,0.9839845023687593,120.8,1.0,False,7.41,0.789,1.0289,10.962485279514024,9.8,25.7,1.2,24.5,1.344,34.9,0.0,punt,9.8,0.951,7.64,2.64,0.333,Stretch 5
Aaron Holiday,PG,PG,12.77,3500,HOU,MIA,away,114.0,9.28,0.6977,17.6,1.8333921411387326,0.7485755902165196,1.0095639099942169,1.1010151601045663,1.008724415960306,77.1,1.0,False,8.82,0.47,0.997,10.686152455371174,7.65681,22.2,3.0,19.2,1.077,30.2,0.0,punt,7.43945,0.825,6.5,2.5,0.263,Shooting Wing
Jordan Poole,PG/SG,SG,9.0,4500,NO,UTA,away,126.0,22.17,0.894,24.9,0.0,0.894,1.0483905260717212,1.0724458201209428,1.1164265246814478,66.7,1.0,False,7.25,0.53,1.003,10.130002581186872,7.3436325,21.1,2.8,18.3,1.083,44.0,-1.5,value,10.66,0.72,4.44,2.18,-0.521,Playmaker
Vit Krejci,SG/SF,PG,11.75,3900,POR,CHA,home,111.5,16.47,0.7521,14.8,2.6486844775109906,0.8463197916807575,1.0198132062790024,0.9533898346589135,1.0119935170178282,116.7,1.0,False,,0.798,1.0298,10.076138545686389,11.9790008,28.0,0.0,28.0,1.779,,,punt,16.125,1.178,7.72,2.67,0.348,Shooting Wing
Grant Williams,PF/C,PF,12.07,4300,CHA,POR,away,118.0,16.66,0.8248,15.0,0.0,0.8248,0.9860319370491141,1.0954497244315224,1.0802327862420715,37.5,0.85,True,5.29,0.524,1.0024,9.897299047829147,6.5860305,19.8,3.3,16.5,1.001,27.3,4.6,value,8.8435,0.623,4.44,2.27,-0.501,3-and-D Wing
Dorian Finney-Smith,PF,PF,17.17,3600,HOU,MIA,away,114.0,7.95,0.4877,11.1,1.1562870890136325,0.5232625990376905,1.0095639099942169,1.0969956787851458,1.008724415960306,50.0,0.95,True,2.11,0.75,1.025,9.77346870371921,5.694885,18.3,4.1,14.200000000000001,0.872,15.6,0.0,punt,3.69585,0.566,7.05,2.64,0.333,Shooting Wing
Myron Gardner,SF,SF,7.61,3700,MIA,HOU,home,112.5,10.88,1.1699,15.5,1.5363018354860638,1.251069268524813,1.0227961372527405,0.9854926316144201,1.009280395538233,60.4,1.0,False,7.95,0.448,0.9947999999999999,9.635096921408406,10.26,25.0,0.0,25.0,1.595,31.4,0.0,punt,10.44,0.762,9.99,3.64,0.838,3-and-D Wing
Jordan Hawkins,SG,SG,12.77,3500,NO,UTA,away,126.0,7.67,0.5767,17.0,0.0,0.5767,1.0483905260717212,1.098135820120943,1.1164265246814478,79.2,1.0,False,6.06,0.677,1.0177,9.633185318437624,7.019309499999999,20.2,2.6,17.599999999999998,1.097,22.4,-1.8,punt,6.42,0.739,6.45,2.48,0.253,Shooting Wing
Jake LaRavia,PF/SF,SF,12.43,3900,LAL,GS,away,117.0,21.03,0.7966,14.8,0.0,0.7966,0.9985873623730265,0.9307633149621015,1.0141144720123711,120.8,1.0,False,7.46,0.785,1.0285,9.599045060697387,10.084067600000001,24.7,0.0,24.7,1.573,50.1,1.4,punt,10.457249999999998,0.898,8.64,2.98,0.505,3-and-D Wing
Anthony Gill,PF/C,PF,11.31,4400,WAS,TOR,home,108.0,8.94,0.8054,12.0,1.113284947933102,0.8577039823288104,1.013968062950886,1.0087654985638408,0.9635722175157904,68.8,1.0,False,8.94,0.42,0.992,9.484413272592196,7.52,20.8,2.0,18.8,1.193,25.6,0.0,value,8.924,0.72,4.74,2.38,-0.477,3-and-D Wing
Oscar Tshiebwe,C,C,9.23,3700,UTA,NO,home,119.5,9.18,0.85,10.3,3.068204015192621,1.0272409115572436,1.0227961372527405,1.0852887415100743,1.0562595563747565,10.4,0.85,True,5.0,0.409,0.9909,9.363275259582625,7.424528999999999,20.5,1.9,18.6,1.189,13.7,5.7,punt,4.956499999999999,0.656,8.07,2.94,0.485,Traditional Big
Will Riley,SF/PF,PF,10.98,5200,WAS,TOR,home,108.0,13.83,0.8041,19.4,1.7998106658251813,0.8563195582202588,1.013968062950886,1.0057554985638408,0.9635722175157904,104.2,1.0,False,9.16,0.581,1.0081,9.314140387967432,5.26,17.2,4.1,13.1,0.847,41.6,0.0,mid,11.27,0.626,3.52,1.62,-0.641,Shooting Wing
Matisse Thybulle,SF,SG,7.83,3700,POR,CHA,home,111.5,14.22,1.195,14.7,2.630787960771052,1.344704362529591,1.0198132062790024,0.9862869754865944,1.0119935170178282,16.7,0.85,True,4.86,0.451,0.9951,9.06516864360998,6.0663746000000005,18.2,3.0,15.2,1.008,20.4,10.5,punt,4.482749999999999,0.666,6.81,2.48,0.253,Combo Guard
Josh Green,SG/SF,SG,12.43,3800,CHA,POR,away,118.0,10.4,0.6303,11.1,0.0,0.6303,0.9860319370491141,1.054575097887754,1.0802327862420715,75.0,1.0,False,4.45,0.771,1.0271,9.038929792161934,8.580149999999998,21.9,0.5,21.4,1.423,32.2,-1.0,punt,9.1425,1.073,5.74,2.03,0.025,Shooting Wing
Nick Smith,SG,PG,12.77,3500,LAL,GS,away,117.0,9.11,0.7173,21.5,0.0,0.7173,0.9985873623730265,1.0289270143721019,1.0141144720123711,52.1,0.95,True,8.69,0.354,0.9853999999999999,8.934813813982,7.5096644999999995,20.2,1.4,18.8,1.261,35.2,0.0,punt,8.85285,0.941,5.85,2.25,0.136,Playmaker
Sidy Cissoko,SF/SG,SG,12.07,3800,POR,CHA,home,111.5,13.85,0.6353,12.6,2.25496110923233,0.7148875995941832,1.0198132062790024,0.9494669754865943,1.0119935170178282,112.5,1.0,False,7.01,0.776,1.0276,8.688551010755418,8.6862412,21.7,0.0,21.7,1.498,30.8,0.0,punt,8.89025,0.932,7.08,2.51,0.268,Shooting Wing
Sandro Mamukelashvili,C,C,6.9,4500,TOR,WAS,away,121.5,22.93,1.0329,18.4,0.8994686503719449,1.068244718384697,0.9801867937209977,1.0587624175887702,1.080260440148044,118.8,1.0,False,6.24,0.863,1.0363,8.563300397717057,8.799645000000002,21.8,0.0,21.8,1.546,51.4,6.2,value,11.5575,0.72,5.46,2.67,-0.413,Stretch 5
Xavier Tillman,C,C,11.31,3500,CHA,POR,away,118.0,4.85,0.7462,14.4,0.0,0.7462,0.9860319370491141,1.1152572645873209,1.0802327862420715,39.6,0.85,True,7.73,0.36,0.986,8.402278787329584,7.896586500000001,20.2,0.5,19.7,1.404,26.2,0.0,punt,9.751999999999999,0.942,5.8,2.23,0.126,Traditional Big
Svi Mykhailiuk,SG/SF,SG,9.0,3700,UTA,NO,home,119.5,15.73,0.6751,14.2,4.229951166576234,0.8158709875203474,1.0227961372527405,1.0174519793751453,1.0562595563747565,97.9,1.0,False,5.34,0.822,1.0322,8.33108384714201,8.98,21.8,0.0,21.8,1.617,35.4,1.4,punt,9.0505,1.125,5.93,2.16,0.091,Shooting Wing
Mo Bamba,C,C,7.52,3500,UTA,NO,home,119.5,2.7,0.9,14.2,4.229951166576234,1.0876668475311992,1.0227961372527405,1.0852887415100743,1.0562595563747565,4.2,0.85,True,1.41,0.521,1.0021,8.168621025220864,4.6169340000000005,15.1,3.6,11.5,0.849,3.0,2.4,punt,0.48299999999999993,0.537,6.14,2.36,0.192,Traditional Big
Malevy Leons,PF,PF,7.61,3600,GS,LAL,home,113.5,8.51,1.3092,18.0,0.0,1.3092,0.9964807084058058,0.9574691590883337,0.9839845023687593,12.5,0.85,True,2.77,0.562,1.0062,7.999739400986101,6.3525418,17.5,1.6,15.9,1.188,16.5,0.0,punt,6.83,0.759,6.34,2.38,0.202,3-and-D Wing
Nate Williams,SG,,10.75,3500,GS,LAL,home,113.5,0.0,1.0,20.0,0.0,1.0,0.9964807084058058,0.9055799999999999,0.9839845023687593,0.0,0.85,True,,0.214,0.9713999999999999,7.881510622617479,8.1633588,20.1,0.0,20.1,1.55,,,punt,15.0,1.128,5.49,2.11,0.066,3-and-D Wing
Jaden Hardy,SG,SG,9.0,3900,WAS,TOR,home,108.0,11.0,0.8209,24.2,2.245124644998422,0.8742105774692331,1.013968062950886,1.000653849196884,0.9635722175157904,79.2,1.0,False,7.28,0.59,1.009,7.7614372149269215,7.48,19.0,0.3,18.7,1.448,27.7,0.0,punt,8.924,1.178,4.71,1.63,-0.177,Shooting Wing
Sharife Cooper,PG,PG,10.08,4100,WAS,TOR,home,108.0,12.84,0.7926,19.3,1.7905332912590726,0.844072729567687,1.013968062950886,1.0778762207970298,0.9635722175157904,35.4,0.85,True,11.05,0.177,0.9677,7.370169991407931,3.598756,12.8,3.8,9.0,0.737,27.5,-1.0,value,12.017499999999998,0.831,1.88,1.01,-0.778,Playmaker
Micah Peavy,SG,SF,8.05,3500,NO,UTA,away,126.0,10.3,0.6821,14.5,0.0,0.6821,1.0483905260717212,1.0919133538476093,1.1164265246814478,95.8,1.0,False,7.72,0.642,1.0142,7.117196349614746,9.194608500000001,20.9,0.0,20.9,1.937,42.4,-1.0,punt,9.33,1.178,5.33,2.05,0.035,3-and-D Wing
Jarred Vanderbilt,PF/C,PF,7.61,3700,LAL,GS,away,117.0,15.11,0.8168,12.5,0.0,0.8168,0.9985873623730265,1.0898069910407975,1.0141144720123711,102.1,1.0,False,5.82,0.809,1.0309,7.071956179456707,9.4097715,21.2,0.0,21.2,1.998,40.6,0.7,punt,8.7669,1.137,5.72,2.08,0.051,Stretch 4
Justin Champagnie,SF/PF,SF,6.33,5400,WAS,TOR,home,108.0,19.87,1.0403,16.0,1.4843799305774692,1.1078587693278636,1.013968062950886,1.0009004557897825,0.9635722175157904,110.4,1.0,False,7.81,0.708,1.0208,7.00048620168489,4.0,13.0,3.0,10.0,0.857,45.7,0.0,mid,13.075499999999998,0.664,2.52,1.11,-0.754,3-and-D Wing
Gary Payton,SG,SG,6.5,4300,GS,LAL,home,113.5,14.02,1.0385,18.1,0.0,1.0385,0.9964807084058058,1.0118515709219567,0.9839845023687593,112.5,1.0,False,6.23,0.832,1.0332,6.9195558496025225,3.44,12.1,3.5,8.6,0.749,35.7,-1.0,value,9.77,0.858,1.82,0.93,-0.796,Combo Guard
Keshad Johnson,SF,SF,7.83,3500,MIA,HOU,home,112.5,6.43,0.9056,19.8,1.9625016995241331,0.9684317715839563,1.0227961372527405,0.9854926316144201,1.009280395538233,47.9,0.9,True,7.51,0.417,0.9916999999999999,6.885062895244855,6.73,17.0,0.2,16.8,1.469,36.7,-0.6,punt,8.19,0.926,5.39,2.08,0.051,3-and-D Wing
Maxi Kleber,PF,C,11.31,3600,LAL,GS,away,117.0,6.41,0.5935,9.5,0.0,0.5935,0.9985873623730265,1.006305450553262,1.0141144720123711,66.7,1.0,False,7.35,0.523,1.0023,6.856207131863711,5.913229,15.7,0.9,14.799999999999999,1.29,22.8,0.0,punt,5.777749999999999,0.702,6.29,2.36,0.192,Traditional Big
Bronny James,PG,SG,8.8,3500,LAL,GS,away,117.0,5.6,0.7671,15.7,0.0,0.7671,0.9985873623730265,0.9968179181745653,1.0141144720123711,60.4,1.0,False,6.51,0.551,1.0050999999999999,6.849089002472681,5.9,15.7,0.9,14.799999999999999,1.292,25.6,-1.0,punt,6.3985,0.852,5.13,1.98,0.0,Combo Guard
Chris Manon,SG,SF,7.83,3500,LAL,GS,away,117.0,4.46,1.0619,6.0,0.0,1.0619,0.9985873623730265,0.9307633149621015,1.0141144720123711,10.4,0.85,True,,0.266,0.9765999999999999,6.5056895073229395,7.6546364,18.0,0.0,18.0,1.767,,,punt,14.325,1.132,5.2,2.0,0.01,3-and-D Wing
Yang Hansen,C,C,8.07,3500,POR,CHA,home,111.5,5.32,0.7093,19.8,3.5435103145079476,0.7981579952654718,1.0198132062790024,0.9540110755726818,1.0119935170178282,72.9,1.0,False,4.87,0.731,1.0231,6.488320083465823,6.1352660000000006,15.7,0.4,15.299999999999999,1.42,20.3,-1.0,punt,5.85875,0.626,7.46,2.87,0.449,Traditional Big
Blake Wesley,PG,PG,6.87,3700,POR,CHA,home,111.5,13.62,0.9524,18.6,3.3287521136286777,1.0717124978018262,1.0198132062790024,0.9521998346589134,1.0119935170178282,33.3,0.85,True,5.47,0.49,0.999,6.143925063236294,5.1465239,13.9,1.0,12.9,1.262,24.9,0.0,punt,7.2132499999999995,0.909,4.3,1.57,-0.207,Playmaker
Adou Thiero,SF,SF,10.31,3500,LAL,GS,away,117.0,4.27,0.7362,12.4,0.0,0.7362,0.9985873623730265,0.9307633149621015,1.0141144720123711,35.4,0.85,True,5.0,0.534,1.0034,6.101825793746095,4.3382700000000005,12.6,1.8,10.799999999999999,1.065,13.4,0.0,punt,3.82955,0.686,4.87,1.88,-0.051,3-and-D Wing
Antonio Reeves,SG,SG,11.77,3500,CHA,POR,away,118.0,4.37,0.575,13.8,0.0,0.575,0.9860319370491141,1.003475097887754,1.0802327862420715,16.7,0.85,True,6.0,0.369,0.9869,6.068080282148032,4.87,13.4,1.2,12.200000000000001,1.208,13.9,0.0,punt,6.6125,0.876,4.13,1.59,-0.197,Combo Guard
Ja'Kobe Walter,SG,SG,7.1,4300,TOR,WAS,away,121.5,13.68,0.7277,14.3,0.6990435706695007,0.7526011052072263,0.9801867937209977,1.0308596933231162,1.080260440148044,102.1,1.0,False,7.11,0.717,1.0217,5.959138400116239,4.3873644999999994,12.5,1.6,10.9,1.098,33.7,0.2,value,9.706,0.72,2.72,1.39,-0.695,Shooting Wing
Will Richard,SG,SG,7.83,4400,GS,LAL,home,113.5,15.35,0.7832,14.1,0.0,0.7832,0.9964807084058058,0.9536815709219566,0.9839845023687593,110.4,1.0,False,6.57,0.797,1.0297,5.904806870495491,3.3671408,11.0,2.5,8.5,0.863,44.9,0.5,value,10.46,0.94,1.66,0.83,-0.818,3-and-D Wing
Drew Timme,C,C,8.34,3500,LAL,GS,away,117.0,6.86,0.8265,16.0,0.0,0.8265,0.9985873623730265,1.006305450553262,1.0141144720123711,37.5,0.85,True,7.95,0.334,0.9833999999999999,5.871660127880528,6.1418076,15.1,0.0,15.1,1.572,33.4,0.0,punt,7.888299999999999,0.89,5.15,1.98,0.0,Traditional Big
Kevon Looney,C,C,5.84,3600,NO,UTA,away,126.0,13.36,0.9612,10.6,0.0,0.9612,1.0483905260717212,1.030395198990074,1.1164265246814478,37.5,0.85,True,5.31,0.522,1.0022,5.767093515602958,4.21,12.1,1.6,10.5,1.098,26.4,4.1,punt,6.7,1.152,2.71,1.01,-0.49,Traditional Big
JD Davison,PG,SG,6.87,3500,HOU,MIA,away,114.0,5.83,0.7878,14.8,1.5417161186848434,0.8452455926222934,1.0095639099942169,0.9880399526634059,1.008724415960306,52.1,0.95,True,6.55,0.507,1.0007,5.554538907077212,4.6982144,12.6,0.9,11.7,1.268,26.4,-1.0,punt,6.0165,1.054,3.33,1.28,-0.354,Combo Guard
Jeff Green,SF,PF,7.44,3500,HOU,MIA,away,114.0,3.82,0.7796,16.5,1.7188051323175617,0.836447656776263,1.0095639099942169,0.9442556787851457,1.008724415960306,41.7,0.9,True,2.18,0.709,1.0209,5.498362551105476,4.183027399999999,11.8,1.3,10.5,1.146,12.9,0.0,punt,3.08465,0.617,5.18,1.99,0.005,3-and-D Wing
Gradey Dick,SF,SF,5.71,3700,TOR,WAS,away,121.5,11.79,0.7462,17.3,0.8456960680127525,0.7717341551540914,0.9801867937209977,1.0374686481848558,1.080260440148044,120.8,1.0,False,5.3,0.9,1.04,5.034420296102019,7.736419999999999,16.6,0.0,16.6,2.297,37.7,-1.0,punt,8.9355,1.178,4.79,1.74,-0.121,Shooting Wing
Isaiah Crawford,SF,SF,8.05,3500,HOU,MIA,away,114.0,4.88,0.7284,8.9,0.927113071371291,0.7815142036888533,1.0095639099942169,0.9356369832636959,1.008724415960306,14.6,0.85,True,5.93,0.364,0.9863999999999999,5.025953603506756,4.8429946,12.3,0.2,12.100000000000001,1.447,15.2,0.0,punt,6.69455,0.869,4.27,1.64,-0.172,3-and-D Wing
Luke Kennard,SG/PG,SG,6.12,3800,LAL,GS,away,117.0,15.44,0.7495,12.9,0.0,0.7495,0.9985873623730265,1.0090679181745654,1.0141144720123711,112.5,1.0,False,5.65,0.873,1.0372999999999999,4.862066357533757,6.2,14.2,0.0,14.2,1.921,31.8,1.2,punt,7.34395,1.178,3.9,1.38,-0.303,Shooting Wing
Jahmir Young,PG,PG,6.87,3500,MIA,HOU,home,112.5,3.9,0.7091,19.7,1.9525900747790614,0.7582983317471107,1.0227961372527405,0.991972796281522,1.009280395538233,16.7,0.85,True,3.42,0.553,1.0052999999999999,4.55839677721699,3.16,9.3,1.4,7.9,1.04,7.5,1.5,punt,2.05,0.911,2.57,0.99,-0.5,Playmaker
Blake Hinson,SF,,5.4,3600,UTA,NO,home,119.5,12.39,0.6289,13.6,4.0512208355941395,0.7600374226804123,1.0227961372527405,0.93582,1.0562595563747565,6.2,0.85,True,10.0,0.1,0.96,3.385875212953846,4.6514482,10.4,0.0,10.4,2.072,12.7,12.7,punt,17.25,1.178,2.95,1.11,-0.439,3-and-D Wing
Jamison Battle,SF,PF,4.45,3600,TOR,WAS,away,121.5,5.28,0.6286,14.0,0.6843783209351754,0.6501100106269926,0.9801867937209977,1.0714819313645665,1.080260440148044,87.5,1.0,False,4.81,0.808,1.0308,3.3833228768893697,4.10652,9.5,0.0,9.5,1.808,23.2,0.0,punt,6.485999999999999,1.178,2.49,0.93,-0.53,3-and-D Wing
Sion James,SF/SG,SG,4.74,3700,CHA,POR,away,118.0,14.4,0.6076,10.6,0.0,0.6076,0.9860319370491141,1.054575097887754,1.0802327862420715,125.0,1.0,False,5.73,0.9,1.04,3.3644594185793175,3.3534,8.4,0.0,8.4,1.497,37.9,1.7,punt,7.6819999999999995,1.178,2.04,0.74,-0.626,Shooting Wing
Javonte Cooke,SG,SG,4.47,3500,POR,CHA,home,111.5,3.9,0.75,21.8,3.90144064930673,0.8439567128846804,1.0198132062790024,0.9862869754865944,1.0119935170178282,35.4,0.85,True,3.89,0.613,1.0112999999999999,3.300868992693962,3.1374376,8.0,0.2,7.8,1.424,11.6,0.0,punt,4.1925,1.328,1.77,0.68,-0.657,Combo Guard
Pat Connaughton,SG,SG,3.9,3600,CHA,POR,away,118.0,6.22,0.7775,14.9,0.0,0.7775,0.9860319370491141,1.003475097887754,1.0802327862420715,54.2,0.95,True,4.71,0.649,1.0149,3.124832898624726,3.16,7.9,0.0,7.9,1.528,19.9,0.0,punt,6.106499999999999,1.184,1.98,0.74,-0.626,Combo Guard
Kobe Bufkin,PG,PG,6.24,3500,LAL,GS,away,117.0,6.3,0.5888,17.3,0.0,0.5888,0.9985873623730265,1.0289270143721019,1.0141144720123711,14.6,0.85,True,10.32,0.1,0.96,3.123921883629179,3.3950575,8.2,0.0,8.2,1.625,17.7,0.0,punt,6.50355,1.178,2.11,0.81,-0.591,Playmaker
Dalton Knecht,SF,SG,4.24,3500,LAL,GS,away,117.0,7.55,0.6741,17.5,0.0,0.6741,0.9985873623730265,1.0090679181745654,1.0141144720123711,91.7,1.0,False,8.52,0.564,1.0064,2.9393699937353506,3.7,8.5,0.0,8.5,1.892,28.7,-1.0,punt,7.34395,1.178,2.33,0.9,-0.545,Shooting Wing
Leaky Black,SF,,5.4,3500,WAS,TOR,home,108.0,18.4,0.6133,4.2,0.3896497317765857,0.6531286967497633,1.013968062950886,0.95906,0.9635722175157904,2.1,0.85,True,,0.225,0.9724999999999999,2.731840789649692,3.16,7.5,0.0,7.5,1.745,,,punt,17.25,1.951,1.2,0.46,-0.768,3-and-D Wing
Tosan Evbuomwan,SF,SF,4.96,3500,CHA,POR,away,118.0,0.48,0.3,5.3,0.0,0.3,0.9860319370491141,1.0921259225712325,1.0802327862420715,10.4,0.85,True,0.89,0.552,1.0051999999999999,1.4789564597615084,3.4173820000000004,6.6,0.0,6.6,3.463,1.2,0.0,punt,0.759,2.655,0.88,0.34,-0.828,3-and-D Wing
Jamir Watkins,SG,SG,1.72,4700,WAS,TOR,home,108.0,14.55,0.7823,13.5,1.2524455664247398,0.8331038308614706,1.013968062950886,1.0036638491968841,0.9635722175157904,62.5,1.0,False,10.59,0.312,0.9812,1.3787386343854509,12.0635,19.5,0.0,19.5,13.143,43.7,0.0,value,12.0635,,,-0.03,-1.007,3-and-D Wing
Trayce Jackson-Davis,C/PF,C,0.2,3600,TOR,WAS,away,121.5,11.49,1.0445,14.8,0.7234856535600426,1.0802416578108396,0.9801867937209977,1.1185424175887704,1.080260440148044,83.3,1.0,False,7.21,0.616,1.0116,0.2588508018993785,3.3636619999999997,5.3,0.0,5.3,19.475,29.5,0.0,punt,10.545499999999999,12.154,0.19,0.07,-0.965,Traditional Big
Garrett Temple,SG,SG,0.0,3500,TOR,WAS,away,121.5,1.81,0.6704,12.2,0.5963868225292243,0.693340361317747,0.9801867937209977,1.010559693323116,1.080260440148044,29.2,0.85,True,1.68,0.646,1.0146,0.0,2.6449999999999996,4.0,0.0,4.0,inf,7.2,0.0,punt,2.6449999999999996,,,0.0,-1.0,Combo Guard
